plate,compound,mean_C1,std_C1,mean_C2,std_C2,mean_C3,std_C3,mean_C4,std_C4,mean_C5,std_C5
P015076,CBK041182,253.37777709960938,199.96644592285156,1126.287353515625,1532.18994140625,1320.7796630859375,648.5176391601562,1003.4564819335938,844.1441650390625,524.2703247070312,583.7417602539062
P015076,CBK200601,297.5152282714844,300.0498046875,1161.8594970703125,1565.47509765625,1551.2550048828125,822.621826171875,1314.0970458984375,1123.532958984375,689.436279296875,773.7154541015625
P015076,CBK201029,293.1026306152344,281.1776123046875,1301.2532958984375,1705.20068359375,1532.89794921875,768.9085083007812,1201.36279296875,969.4736938476562,633.3665771484375,669.9041137695312
P015076,CBK277913,297.9016418457031,290.5468444824219,1265.7357177734375,1571.5362548828125,1518.3660888671875,771.5396728515625,1209.4302978515625,995.819580078125,648.6002197265625,725.064453125
P015076,dmso,300.7937927246094,283.91937255859375,1186.0501708984375,1565.650634765625,1737.5853271484375,835.8779296875,1334.755859375,990.0955810546875,673.604736328125,695.6536865234375
P015077,CBK041182,255.19827270507812,205.47412109375,1218.2821044921875,1955.1541748046875,1634.3074951171875,919.0528564453125,1165.7154541015625,968.912109375,593.6300659179688,635.0241088867188
P015077,CBK200601,304.7043151855469,286.92889404296875,1660.35009765625,2351.682861328125,2030.5623779296875,1310.144287109375,1864.9049072265625,2135.040283203125,835.5048217773438,899.0883178710938
P015077,CBK201029,318.7383728027344,311.0566711425781,1343.14111328125,1669.11474609375,1849.037841796875,942.929443359375,1368.684814453125,1034.506591796875,765.2639770507812,761.051025390625
P015077,CBK277913,328.3280334472656,311.227783203125,1701.1341552734375,2477.5283203125,2214.814453125,1335.7281494140625,1998.6253662109375,1905.0816650390625,938.86083984375,923.968505859375
P015077,dmso,328.9736633300781,321.1390686035156,1360.0811767578125,1589.85009765625,2137.759765625,1004.5426025390625,1592.808349609375,1127.2840576171875,844.8709106445312,821.1901245117188
P015080,CBK200949,246.67747497558594,173.14047241210938,1425.006591796875,1917.9974365234375,1472.7197265625,748.0060424804688,1080.629150390625,885.8857421875,544.2796020507812,595.20947265625
P015080,dmso,299.0576477050781,275.7353210449219,1462.686767578125,1527.50341796875,1786.1595458984375,866.6881713867188,1396.4395751953125,1060.1187744140625,702.6148681640625,718.8595581054688
P015081,CBK200949,246.4465789794922,172.16494750976562,1390.157470703125,1652.5374755859375,1761.8724365234375,787.13916015625,1248.4290771484375,904.1231689453125,639.0635986328125,612.8743286132812
P015081,dmso,275.0230712890625,236.48477172851562,1180.299560546875,1373.0672607421875,1908.6795654296875,970.3314208984375,1472.2044677734375,1162.20166015625,696.3980712890625,718.2466430664062
P015082,CBK200558,206.1051788330078,32.463321685791016,568.164794921875,893.6892700195312,956.3748779296875,294.2626647949219,646.656982421875,263.4391174316406,255.96644592285156,190.20022583007812
P015082,CBK290538,210.21609497070312,88.2861557006836,489.86297607421875,722.1131591796875,993.6728515625,216.70997619628906,666.057861328125,182.43153381347656,246.22622680664062,154.44532775878906
P015082,dmso,292.6224670410156,266.6946716308594,1397.971435546875,1587.021240234375,1731.140625,837.4691162109375,1296.8836669921875,965.984619140625,640.1474609375,668.0216064453125
P015083,CBK200558,195.70928955078125,47.30369186401367,586.2935180664062,1050.215087890625,1063.1368408203125,385.93939208984375,712.6932373046875,309.72021484375,263.5719909667969,243.03427124023438
P015083,CBK290538,192.68275451660156,62.61454772949219,516.3400268554688,803.859375,1000.728759765625,310.9903259277344,672.8602294921875,251.38699340820312,263.453125,217.33872985839844
P015083,dmso,288.9015808105469,257.3480529785156,1334.765380859375,1353.69287109375,2057.409423828125,917.6678466796875,1481.2752685546875,997.09521484375,757.1497192382812,729.2224731445312
P015084,CBK006628,292.0511779785156,269.18853759765625,1157.722412109375,1552.3001708984375,1419.8802490234375,748.5635986328125,1088.5115966796875,896.486572265625,605.052978515625,664.3033447265625
P015084,CBK018513,297.9342346191406,281.1089172363281,1303.8421630859375,1668.4261474609375,1510.0130615234375,785.8253784179688,1165.1724853515625,970.085693359375,611.0089111328125,662.3994140625
P015084,CBK041779,294.0411376953125,271.3124694824219,1236.3837890625,1593.0877685546875,1471.916015625,769.0289916992188,1127.801513671875,931.0919189453125,600.7094116210938,653.4458618164062
P015084,CBK200550,225.7757110595703,115.65518951416016,553.6355590820312,916.6531982421875,909.8826293945312,273.0317687988281,625.2742309570312,304.48748779296875,253.34080505371094,170.83642578125
P015084,CBK200551,221.93984985351562,104.18898010253906,491.4882507324219,823.0928955078125,913.1766357421875,247.25621032714844,622.3701782226562,279.5887451171875,244.75833129882812,156.46278381347656
P015084,CBK200716,299.7142028808594,283.0682678222656,1370.05712890625,1810.0775146484375,1514.5052490234375,826.3763427734375,1162.044921875,977.1864013671875,628.6248779296875,688.8289184570312
P015084,CBK201011,291.74859619140625,271.535888671875,1285.6541748046875,1633.293212890625,1470.2940673828125,795.1054077148438,1114.0047607421875,934.318359375,600.2764282226562,661.8053588867188
P015084,CBK201093,216.3568115234375,55.07645797729492,323.6562805175781,508.6697082519531,777.2573852539062,163.78465270996094,530.74853515625,203.76034545898438,237.16932678222656,137.58126831054688
P015084,CBK228145,307.44012451171875,295.1607360839844,1389.3966064453125,1719.5032958984375,1604.8760986328125,817.24853515625,1213.62646484375,956.5138549804688,654.2366943359375,687.4544067382812
P015084,CBK277955,283.4071350097656,281.3172302246094,1157.8720703125,1700.1907958984375,1314.067626953125,739.4183349609375,968.427734375,874.225830078125,564.1243896484375,663.0557861328125
P015084,CBK277972,279.0787658691406,270.55694580078125,1183.51416015625,1694.9512939453125,1469.83349609375,820.6950073242188,1082.58740234375,966.7888793945312,566.7739868164062,674.990478515625
P015084,CBK278064,215.40728759765625,60.10195541381836,437.83203125,638.2833251953125,795.2523193359375,165.633056640625,538.1337890625,158.7726593017578,228.76539611816406,141.45506286621094
P015084,CBK288259,253.0984649658203,194.7559356689453,934.168701171875,1498.2762451171875,1112.138916015625,512.3790893554688,813.3828125,600.2457885742188,420.34735107421875,474.33880615234375
P015084,CBK288281,282.301025390625,254.58518981933594,1248.0152587890625,1980.107177734375,1308.161376953125,694.533203125,961.2146606445312,771.5084228515625,528.6986083984375,595.7478637695312
P015084,CBK288284,215.64306640625,51.608890533447266,387.0409851074219,554.3094482421875,848.8679809570312,150.30075073242188,571.8636474609375,128.67434692382812,230.6813201904297,115.24464416503906
P015084,CBK288285,249.43502807617188,198.5709686279297,836.46044921875,1626.7384033203125,1144.7667236328125,578.710693359375,808.1653442382812,622.3936157226562,420.6544494628906,605.2216796875
P015084,CBK288286,275.1466369628906,264.9725036621094,1113.78369140625,1735.34130859375,1249.319091796875,678.751708984375,898.9153442382812,740.9251098632812,514.3134765625,636.0966186523438
P015084,CBK288288,304.55987548828125,299.82733154296875,1321.8314208984375,1664.723388671875,1547.8055419921875,793.1424560546875,1160.353759765625,929.88330078125,624.0515747070312,662.0127563476562
P015084,CBK288349,278.879150390625,273.99859619140625,1217.224365234375,1929.469482421875,1386.671142578125,784.1802368164062,1020.5199584960938,918.5054931640625,551.382568359375,691.1799926757812
P015084,CBK290052,295.96221923828125,284.16290283203125,1188.2010498046875,1559.7904052734375,1492.960205078125,787.6900024414062,1155.0616455078125,944.178466796875,636.8045654296875,659.9393920898438
P015084,CBK290334,294.5354919433594,273.9842224121094,1272.25341796875,1636.746337890625,1437.879150390625,749.9636840820312,1051.7462158203125,835.4470825195312,574.2447509765625,619.5068359375
P015084,CBK290684,293.03839111328125,265.700927734375,1121.5230712890625,1476.606201171875,1544.818115234375,774.342529296875,1137.9892578125,861.9866943359375,591.1358032226562,622.0980834960938
P015084,CBK290766,230.8052520751953,145.988525390625,631.5104370117188,1700.408447265625,895.3203125,433.25762939453125,626.760986328125,454.3803405761719,291.2711486816406,345.751953125
P015084,CBK290770,219.73626708984375,99.35567474365234,600.338134765625,915.4609375,936.2803344726562,226.91224670410156,629.390869140625,234.6685028076172,255.9751434326172,190.87545776367188
P015084,CBK290772,295.0572509765625,272.4331359863281,1281.772705078125,1792.4849853515625,1554.1427001953125,818.7293701171875,1153.6170654296875,929.3718872070312,614.0717163085938,700.4519653320312
P015084,CBK290801,252.17361450195312,193.7076416015625,881.74755859375,1492.7415771484375,1161.749267578125,651.900146484375,838.4605712890625,699.6973266601562,454.9050598144531,554.4092407226562
P015084,CBK290829,294.3389587402344,269.5112609863281,1177.47119140625,1515.1810302734375,1511.4208984375,812.46533203125,1151.9759521484375,959.2515869140625,585.2122802734375,613.030029296875
P015084,CBK291084,288.88031005859375,260.9274597167969,1336.3465576171875,1726.46337890625,1465.879638671875,786.2435302734375,1106.6041259765625,931.808349609375,580.4484252929688,620.888671875
P015084,CBK293886,277.3211975097656,237.841796875,1118.5478515625,1592.9390869140625,1386.1881103515625,754.2990112304688,1024.9935302734375,845.8989868164062,557.6259765625,661.7930908203125
P015084,CBK303888,215.2396240234375,61.03277587890625,450.0047912597656,793.1060791015625,822.8179321289062,195.60337829589844,556.68896484375,225.0280303955078,233.15260314941406,262.2304382324219
P015084,CBK308101,235.05984497070312,159.7548828125,768.1800537109375,1497.2841796875,1054.582763671875,536.1216430664062,722.577392578125,504.4631042480469,326.3371276855469,439.5157775878906
P015084,CBK308652,291.71240234375,301.6402893066406,1214.52099609375,1684.96337890625,1464.1224365234375,799.4896240234375,1100.3612060546875,989.748779296875,599.7706909179688,693.0643920898438
P015084,CBK308709,302.2745056152344,285.05511474609375,1367.0029296875,1754.8868408203125,1516.384765625,824.5556640625,1168.7650146484375,985.9393920898438,632.3466186523438,679.2029418945312
P015084,CBK308864,267.7553405761719,224.68017578125,948.7238159179688,1323.0225830078125,1207.248779296875,573.6932983398438,856.0588989257812,607.4672241210938,469.7721252441406,481.14093017578125
P015084,CBK308980,276.59381103515625,241.64707946777344,1131.1202392578125,1658.497314453125,1296.256591796875,716.2059936523438,998.7036743164062,899.4174194335938,516.3410034179688,592.9556274414062
P015084,CBK309086,308.7767028808594,298.52947998046875,1501.944091796875,1869.0087890625,1598.1234130859375,807.7529296875,1197.7005615234375,960.8577270507812,638.2822875976562,683.7685546875
P015084,CBK309507,232.97108459472656,151.50709533691406,735.411865234375,2070.26953125,980.6683959960938,595.2015991210938,695.5440673828125,593.0823364257812,329.10546875,478.4164733886719
P015084,CBK309653,298.1036071777344,282.5197448730469,1290.1875,1644.7611083984375,1498.4775390625,785.9298095703125,1139.1690673828125,926.008544921875,617.5851440429688,667.947265625
P015084,dmso,303.3208312988281,279.103271484375,1185.6258544921875,1459.8814697265625,1615.3868408203125,785.1648559570312,1192.7059326171875,890.452880859375,605.4993286132812,639.880126953125
P015085,CBK006628,280.357177734375,250.18988037109375,1342.6131591796875,1489.842529296875,1722.0087890625,835.6273803710938,1253.8173828125,903.1487426757812,726.6066284179688,729.6201782226562
P015085,CBK018513,290.26983642578125,274.6303405761719,1307.5604248046875,1425.9395751953125,1792.885009765625,853.0501708984375,1283.945068359375,909.6806030273438,721.8356323242188,718.7275390625
P015085,CBK041779,293.50634765625,270.8959045410156,1362.2940673828125,1426.8970947265625,1940.502685546875,927.1131591796875,1440.089111328125,1049.787109375,761.4851684570312,745.6709594726562
P015085,CBK200550,208.1901397705078,124.05696105957031,618.2067260742188,988.1119995117188,1022.7564697265625,428.8052673339844,699.2457275390625,429.716552734375,271.01812744140625,218.31329345703125
P015085,CBK200551,203.38015747070312,101.43826293945312,527.7740478515625,732.560546875,935.2900390625,285.7655944824219,641.3795776367188,304.1859130859375,254.7239990234375,176.49420166015625
P015085,CBK200716,275.9307556152344,248.20108032226562,1380.5880126953125,1555.8370361328125,1765.371826171875,924.7694702148438,1363.142822265625,1174.02001953125,709.9218139648438,733.947021484375
P015085,CBK201011,292.076416015625,272.1307067871094,1392.9127197265625,1461.237548828125,1828.435302734375,880.1263427734375,1328.7825927734375,959.0313110351562,739.5154418945312,741.471923828125
P015085,CBK201093,196.98316955566406,66.78817749023438,444.5400695800781,693.6722412109375,899.3449096679688,258.0928955078125,611.1685791015625,215.8262481689453,270.89874267578125,184.68299865722656
P015085,CBK228145,286.5775146484375,264.1636962890625,1157.3519287109375,1241.99267578125,1735.482666015625,827.5736083984375,1217.7899169921875,832.9906005859375,690.09033203125,698.5618286132812
P015085,CBK277955,260.0749206542969,246.2300567626953,1428.405517578125,1810.0760498046875,1675.707763671875,994.5007934570312,1305.8582763671875,1387.8134765625,661.8951416015625,793.5948486328125
P015085,CBK277972,245.1712188720703,211.49444580078125,1340.3902587890625,1682.869873046875,1778.4874267578125,1164.338623046875,1494.8614501953125,1978.2928466796875,670.703369140625,812.5800170898438
P015085,CBK278064,195.28065490722656,56.68455505371094,481.34368896484375,671.6521606445312,874.8399658203125,204.64910888671875,590.7286376953125,185.01910400390625,228.19595336914062,160.3872528076172
P015085,CBK288259,242.7899169921875,199.95887756347656,981.926025390625,1295.09521484375,1450.02001953125,659.8638305664062,992.8223876953125,641.1677856445312,517.4993896484375,541.8611450195312
P015085,CBK288281,257.134521484375,216.2311553955078,1147.2210693359375,1581.995361328125,1681.1510009765625,952.7117309570312,1338.24755859375,1293.8382568359375,644.7890625,714.841796875
P015085,CBK288284,196.8876953125,61.32395935058594,446.0173645019531,606.557861328125,932.6497192382812,189.3398895263672,627.00146484375,161.88406372070312,239.99075317382812,152.7906036376953
P015085,CBK288285,231.11058044433594,180.28684997558594,950.8707275390625,1596.1513671875,1311.0819091796875,693.7241821289062,928.8539428710938,749.0770263671875,490.5894470214844,670.6446533203125
P015085,CBK288286,260.4320373535156,254.2393798828125,1091.486328125,1416.3133544921875,1554.8690185546875,835.985107421875,1090.3941650390625,822.353515625,617.5677490234375,733.599365234375
P015085,CBK288288,286.0863342285156,263.0870666503906,1203.4757080078125,1335.7364501953125,1812.4603271484375,894.175537109375,1308.24267578125,953.0234375,708.9030151367188,722.1640625
P015085,CBK288349,251.4952392578125,236.77381896972656,1059.1937255859375,1645.881103515625,1529.86572265625,847.3328857421875,1099.135009765625,928.5106201171875,570.414794921875,738.0563354492188
P015085,CBK290052,282.44378662109375,265.11212158203125,1187.5870361328125,1319.66259765625,1874.6270751953125,955.2662353515625,1428.993896484375,1230.9010009765625,762.8115234375,748.3284912109375
P015085,CBK290334,295.23675537109375,277.5330505371094,1358.20751953125,1486.5601806640625,1807.7874755859375,902.6212768554688,1308.2657470703125,957.4667358398438,759.3494262695312,791.6851806640625
P015085,CBK290684,263.50177001953125,225.37158203125,1076.302490234375,1255.160888671875,1639.1748046875,847.0454711914062,1180.2255859375,894.3346557617188,625.1661376953125,647.51708984375
P015085,CBK290766,213.78277587890625,147.98773193359375,793.2203369140625,1936.931396484375,968.5864868164062,525.6057739257812,676.5451049804688,501.81207275390625,323.7822570800781,436.1189880371094
P015085,CBK290770,205.37277221679688,101.77742767333984,628.1275634765625,836.9798583984375,1113.4063720703125,482.87811279296875,763.4421997070312,498.0256652832031,293.19256591796875,265.99676513671875
P015085,CBK290772,268.1463317871094,232.80018615722656,1120.177001953125,1327.4755859375,1728.9063720703125,897.923828125,1228.7281494140625,935.3088989257812,672.47705078125,726.7681884765625
P015085,CBK290801,248.08018493652344,209.81289672851562,1108.18017578125,1531.156982421875,1475.10595703125,768.8529052734375,1007.095703125,721.9716186523438,583.5201416015625,655.1096801757812
P015085,CBK290829,273.3211364746094,240.42184448242188,1101.953857421875,1232.5247802734375,1783.729248046875,805.664306640625,1225.2847900390625,791.8314819335938,630.5440673828125,603.9810791015625
P015085,CBK291084,291.6073913574219,271.4535217285156,1424.0489501953125,1516.9093017578125,1904.86962890625,889.2178344726562,1401.674072265625,1001.5202026367188,761.4677124023438,724.1656494140625
P015085,CBK293886,252.09356689453125,208.49562072753906,998.2529296875,1380.52685546875,1452.791748046875,753.6714477539062,992.1009521484375,709.755859375,566.62158203125,687.1019287109375
P015085,CBK303888,194.524658203125,38.741432189941406,439.2859191894531,466.86614990234375,952.8060913085938,150.71217346191406,639.7975463867188,136.29884338378906,231.5876922607422,158.3128662109375
P015085,CBK308101,223.8142852783203,169.88844299316406,750.3984985351562,1185.578125,1340.47900390625,649.7852172851562,892.2058715820312,562.3831787109375,437.2811279296875,567.6893310546875
P015085,CBK308652,269.77972412109375,271.3537292480469,1182.5262451171875,1515.0938720703125,1674.601318359375,858.03271484375,1186.368408203125,962.6985473632812,670.761962890625,757.2689208984375
P015085,CBK308709,292.8712158203125,272.7449951171875,1357.7359619140625,1448.3250732421875,1806.0604248046875,864.3132934570312,1299.7764892578125,937.1397094726562,746.6285400390625,746.416259765625
P015085,CBK308864,242.17198181152344,196.4563751220703,913.618896484375,1281.001953125,1463.14599609375,679.4589233398438,984.9764404296875,622.98779296875,508.5285949707031,531.3909912109375
P015085,CBK308980,271.60919189453125,243.7148895263672,1324.480224609375,1532.831298828125,1667.046630859375,825.5668334960938,1217.420654296875,925.545654296875,641.9706420898438,671.8521728515625
P015085,CBK309086,286.3614501953125,265.9892578125,1382.6651611328125,1453.551025390625,1798.7481689453125,863.1599731445312,1261.0364990234375,890.4776611328125,709.800048828125,705.9727172851562
P015085,CBK309507,236.1526336669922,195.8053436279297,1011.8709716796875,2119.81884765625,1268.176513671875,944.856201171875,917.2149658203125,856.0307006835938,491.73199462890625,697.592041015625
P015085,CBK309653,348.5089416503906,1094.1756591796875,1376.0244140625,1573.5394287109375,1867.293212890625,959.1084594726562,1345.9271240234375,1022.1370849609375,751.1883544921875,741.7498779296875
P015085,dmso,290.4903564453125,262.21563720703125,1181.8822021484375,1331.055419921875,1926.29833984375,920.7688598632812,1356.5977783203125,933.68310546875,718.8153076171875,724.880615234375
P015090,CBK041242,268.4104919433594,226.2141876220703,676.11669921875,951.0282592773438,1169.568603515625,649.6267700195312,814.5968017578125,633.98876953125,492.4718933105469,543.730224609375
P015090,CBK041487,293.9573669433594,277.59375,1052.12939453125,1300.0579833984375,1390.473388671875,793.3681640625,1008.37744140625,834.6113891601562,613.5733642578125,648.4373168945312
P015090,CBK201016,232.73861694335938,189.810302734375,613.2166748046875,1276.7132568359375,818.0796508789062,425.8253479003906,575.28125,469.5984191894531,320.8253479003906,459.03570556640625
P015090,CBK261295,235.72000122070312,186.27523803710938,546.6190185546875,1139.325439453125,778.7826538085938,418.90216064453125,553.0146484375,461.549560546875,318.5613098144531,457.1376953125
P015090,CBK277934,223.79656982421875,130.17910766601562,423.07708740234375,819.0265502929688,722.91796875,300.5849304199219,500.041015625,331.2058410644531,295.57958984375,375.6815185546875
P015090,CBK277935,221.27694702148438,117.989990234375,376.68524169921875,677.7837524414062,705.09130859375,256.8149719238281,489.2640075683594,286.6766357421875,249.8924560546875,178.92994689941406
P015090,CBK277939,228.5061492919922,149.45111083984375,531.7826538085938,864.4053955078125,786.9171752929688,313.1281433105469,538.373779296875,314.2151184082031,303.4376220703125,336.3536376953125
P015090,CBK277957,224.5108642578125,153.86016845703125,513.96337890625,969.23779296875,730.2030029296875,326.39453125,507.7046813964844,372.4559631347656,274.9073791503906,356.8081970214844
P015090,CBK277961,259.9533386230469,223.91378784179688,727.5244140625,1102.5491943359375,1077.7794189453125,622.1255493164062,726.5263061523438,578.056396484375,444.4207763671875,503.1527404785156
P015090,CBK277968,279.5812072753906,242.30006408691406,814.0076904296875,1093.4454345703125,1210.0726318359375,689.7182006835938,844.945556640625,671.5496215820312,542.768798828125,607.6882934570312
P015090,CBK277973,218.4649200439453,132.38595581054688,643.8682861328125,821.2675170898438,741.2877807617188,308.2060852050781,512.2021484375,324.703857421875,299.41070556640625,406.3140563964844
P015090,CBK277990,226.73007202148438,161.20530700683594,486.93994140625,1004.53662109375,737.874267578125,419.2999572753906,513.4044799804688,403.1195373535156,283.400390625,380.6789245605469
P015090,CBK278016,253.88865661621094,218.02427673339844,643.240966796875,1115.4383544921875,982.548095703125,639.169677734375,678.772216796875,616.60595703125,445.9465026855469,653.187255859375
P015090,CBK278021,231.6057586669922,162.21151733398438,512.910888671875,978.3878784179688,802.7798461914062,348.469482421875,552.3810424804688,360.0577392578125,324.4945983886719,442.0469970703125
P015090,CBK278039,217.72901916503906,101.22422790527344,388.113525390625,745.92431640625,645.7989501953125,236.6265869140625,446.69415283203125,233.38739013671875,246.26434326171875,176.43931579589844
P015090,CBK278047,274.8951721191406,243.73619079589844,822.3842163085938,1088.8828125,1122.108154296875,641.1268310546875,762.1361083984375,577.8803100585938,510.45855712890625,579.4177856445312
P015090,CBK278050,281.8910827636719,248.86473083496094,806.607421875,1050.851806640625,1191.724365234375,662.9932861328125,832.8511962890625,646.9202880859375,532.7030639648438,582.204833984375
P015090,CBK278067,224.3776397705078,128.4195556640625,497.2363586425781,1077.64697265625,774.3850708007812,367.29412841796875,544.8123779296875,374.8818054199219,301.91778564453125,445.4757080078125
P015090,CBK278556G,285.4544982910156,252.07359313964844,830.322509765625,1158.42138671875,1225.798095703125,691.482666015625,870.574951171875,695.89892578125,540.9386596679688,596.39990234375
P015090,CBK288302,290.9454040527344,261.0651550292969,806.6368408203125,1121.7769775390625,1290.8824462890625,753.4336547851562,911.1140747070312,726.2315673828125,592.4227294921875,641.7468872070312
P015090,CBK289731,228.6785430908203,168.49905395507812,475.508056640625,1046.3148193359375,725.2057495117188,369.2681579589844,512.2742919921875,428.9326477050781,289.12322998046875,398.50958251953125
P015090,CBK289737,287.0331115722656,266.3429260253906,859.89892578125,1120.4119873046875,1291.9632568359375,680.5699462890625,907.3541870117188,677.0508422851562,573.661865234375,622.6004028320312
P015090,CBK289739,294.1156311035156,270.5859375,858.0576782226562,1114.408203125,1307.0753173828125,747.5679931640625,944.458251953125,780.6549682617188,613.8911743164062,666.0303344726562
P015090,CBK289740,226.26699829101562,164.3731231689453,572.9447631835938,1078.429931640625,817.4601440429688,408.3073425292969,570.2733154296875,445.962646484375,295.40203857421875,417.63336181640625
P015090,CBK289756,242.21331787109375,360.6473083496094,482.6199645996094,899.7705688476562,820.8534545898438,324.4054870605469,565.4327392578125,322.4815673828125,290.9928894042969,238.37156677246094
P015090,CBK289839,283.7395324707031,256.6515808105469,883.6201782226562,1058.6455078125,1229.591064453125,681.0931396484375,864.5966796875,685.0321044921875,539.6642456054688,576.5093994140625
P015090,CBK290181,268.2549743652344,236.29132080078125,727.6138305664062,923.3768310546875,1085.8079833984375,602.0842895507812,735.40478515625,542.4884643554688,472.9797668457031,521.1176147460938
P015090,CBK290285,295.9278259277344,276.1144714355469,850.5477294921875,1102.933349609375,1252.3756103515625,719.223388671875,910.1070556640625,746.4860229492188,570.8392944335938,611.48974609375
P015090,CBK290479,224.95761108398438,155.03530883789062,446.68975830078125,978.0155639648438,740.4970092773438,370.2084655761719,521.8062744140625,427.8415832519531,289.6866760253906,383.7733154296875
P015090,CBK290481,232.36309814453125,183.52792358398438,492.3616943359375,1156.1866455078125,797.8379516601562,454.06182861328125,563.6903686523438,506.32196044921875,311.3051452636719,483.7886962890625
P015090,CBK290547,277.66668701171875,245.86557006835938,844.6989135742188,1158.20947265625,1148.20556640625,659.3693237304688,812.621826171875,643.3307495117188,548.431396484375,641.2064819335938
P015090,CBK290573,226.38865661621094,167.8453826904297,534.5997924804688,1192.855224609375,755.59423828125,387.7434387207031,529.0943603515625,428.30194091796875,290.9338073730469,412.2033996582031
P015090,CBK290613,284.1997985839844,254.19625854492188,867.2958984375,1146.59912109375,1226.5406494140625,681.1127319335938,869.1878051757812,694.1570434570312,555.6593627929688,606.0917358398438
P015090,CBK290753,234.2117462158203,162.0890655517578,549.851318359375,871.3672485351562,857.0601806640625,358.7571105957031,583.0474243164062,336.5146179199219,324.856689453125,376.9081115722656
P015090,CBK290760,230.02781677246094,141.72344970703125,444.8090515136719,809.977294921875,767.9869995117188,314.0719299316406,527.8146362304688,312.6118469238281,301.7796325683594,324.59124755859375
P015090,CBK290799,234.22262573242188,164.66705322265625,532.3380737304688,946.6967163085938,784.5098876953125,357.9181213378906,544.924072265625,356.458251953125,327.2210998535156,393.45135498046875
P015090,CBK290803,231.50009155273438,164.0446014404297,495.556396484375,947.8229370117188,787.1621704101562,343.6253356933594,545.5848999023438,376.5199279785156,323.5121154785156,499.4799499511719
P015090,CBK290810,247.06390380859375,183.80421447753906,608.1298217773438,946.4610595703125,948.6146240234375,463.19976806640625,645.4989624023438,436.5625915527344,387.41815185546875,428.4024963378906
P015090,CBK290816,270.89349365234375,228.6260528564453,766.1240844726562,1025.619873046875,1125.92919921875,634.0148315429688,787.9617309570312,626.43310546875,493.2122802734375,543.6295166015625
P015090,CBK290837,220.0836181640625,127.5252914428711,612.8109130859375,1116.41748046875,674.4136962890625,282.3759765625,469.66314697265625,320.1214904785156,254.90432739257812,330.7662353515625
P015090,CBK290945,235.5210723876953,178.561767578125,599.4393920898438,1141.5548095703125,833.937744140625,431.8674621582031,588.45654296875,457.4323425292969,348.5453186035156,480.6748962402344
P015090,CBK291020,249.5919647216797,220.80735778808594,678.1055297851562,1376.5780029296875,912.9222412109375,567.7645263671875,668.5692138671875,642.6370239257812,412.7305908203125,603.7838134765625
P015090,CBK291055,228.0498046875,161.967529296875,615.1336669921875,1298.542724609375,789.6904907226562,438.24298095703125,556.154052734375,505.0772705078125,302.0938415527344,455.2096862792969
P015090,CBK303867,229.57638549804688,163.6534423828125,474.3778076171875,995.7357788085938,774.5802612304688,409.19561767578125,546.2171020507812,438.6095886230469,314.9419860839844,423.80908203125
P015090,CBK303885,242.89065551757812,183.7216339111328,642.9171752929688,921.783447265625,947.233154296875,489.1158142089844,637.3370971679688,437.85491943359375,374.06005859375,411.6467590332031
P015090,CBK303971,236.947509765625,176.50047302246094,652.3701171875,1021.3087158203125,876.73779296875,431.5893249511719,594.4666748046875,417.53472900390625,329.8678283691406,365.1065673828125
P015090,CBK307768,260.02734375,217.0909423828125,711.3448486328125,1007.6378173828125,1070.4117431640625,542.7628173828125,734.3968505859375,501.7928161621094,454.1554260253906,469.1502380371094
P015090,CBK308137,277.3515930175781,246.80650329589844,814.7891845703125,1110.8072509765625,1214.95849609375,680.20458984375,849.1312866210938,691.9580688476562,519.2894897460938,558.055908203125
P015090,CBK308232,228.43023681640625,154.36920166015625,529.7901000976562,966.239013671875,803.982666015625,353.5614013671875,553.856689453125,348.8126220703125,315.7649841308594,360.66046142578125
P015090,CBK308260,285.5439453125,265.2967529296875,900.5515747070312,1203.6705322265625,1188.750732421875,673.9677124023438,838.8751220703125,666.9371337890625,566.4183349609375,646.6814575195312
P015090,CBK308266,225.33712768554688,159.74293518066406,515.1780395507812,1045.5009765625,756.37353515625,350.7853088378906,526.870361328125,383.5944519042969,286.5917053222656,373.99212646484375
P015090,CBK308430,273.3750305175781,244.46327209472656,790.591064453125,1029.4344482421875,1154.4017333984375,615.072998046875,784.6486206054688,581.9227905273438,492.7174377441406,523.1370239257812
P015090,CBK308482,231.1966552734375,180.4686279296875,544.919189453125,1081.2845458984375,758.3994750976562,399.90618896484375,535.3832397460938,455.736328125,301.61041259765625,416.4123840332031
P015090,CBK308657,228.40988159179688,157.03683471679688,477.4070739746094,936.7828979492188,813.256591796875,345.2944641113281,565.1423950195312,383.8327331542969,308.8320617675781,411.4976806640625
P015090,CBK308696,231.56735229492188,158.37677001953125,544.72802734375,1005.685302734375,764.574951171875,352.0750427246094,527.70654296875,355.8498840332031,320.8152160644531,384.26983642578125
P015090,CBK308923,228.70050048828125,141.8998565673828,452.8221740722656,856.40087890625,756.4728393554688,338.81646728515625,526.3025512695312,349.75244140625,308.314453125,373.4056396484375
P015090,CBK309064,291.6760559082031,306.5475769042969,756.4237670898438,1075.3363037109375,1074.6572265625,632.7744140625,784.1195678710938,655.8062744140625,502.733642578125,540.8086547851562
P015090,CBK309488,234.5029754638672,151.70138549804688,472.5662536621094,895.9738159179688,805.0305786132812,348.1824951171875,551.4402465820312,329.09991455078125,313.2623596191406,360.0055847167969
P015090,CBK309522,235.19146728515625,164.6617889404297,484.3575744628906,929.0614624023438,804.3143310546875,384.3446350097656,555.2708129882812,385.5350646972656,337.6451416015625,411.8910217285156
P015090,CBK309523,244.8358917236328,183.96621704101562,590.3094482421875,879.5557250976562,975.3886108398438,523.9144287109375,648.186767578125,467.1461181640625,382.4830627441406,409.4307861328125
P015090,CBK309545,236.7572021484375,166.8868408203125,553.4667358398438,947.4630126953125,843.7943115234375,395.84967041015625,573.4022827148438,365.3069763183594,344.0792541503906,410.7392272949219
P015090,CBK309553,229.246826171875,158.0221710205078,683.63330078125,886.637451171875,930.0464477539062,513.8702392578125,629.8989868164062,483.7716369628906,342.1821594238281,428.6865539550781
P015090,dmso,294.5041809082031,332.54364013671875,768.3269653320312,958.5997314453125,1341.6798095703125,706.6502075195312,933.7427368164062,692.8058471679688,562.7435913085938,606.5903930664062
P015091,CBK041242,276.74224853515625,246.17481994628906,763.9519653320312,886.88916015625,1643.83447265625,893.52783203125,1155.18603515625,878.0211791992188,631.2002563476562,697.1864624023438
P015091,CBK041487,288.8259582519531,267.3266296386719,953.3643188476562,1097.802001953125,1685.96337890625,899.5556030273438,1215.082763671875,927.6668701171875,689.5823364257812,729.528076171875
P015091,CBK201016,215.9615478515625,161.1181640625,563.7106323242188,967.5689086914062,1059.0213623046875,513.9147338867188,727.2852783203125,525.40234375,313.0750427246094,457.7962646484375
P015091,CBK261295,210.5283966064453,138.3212890625,538.022705078125,810.0624389648438,873.4498291015625,453.1149597167969,608.1578979492188,474.3205261230469,299.933349609375,391.07769775390625
P015091,CBK277934,214.16610717773438,150.27938842773438,532.5872192382812,1054.529296875,1004.519775390625,510.5734558105469,692.7813110351562,548.717041015625,329.27386474609375,526.5997924804688
P015091,CBK277935,217.81459045410156,158.93724060058594,539.811767578125,969.5126953125,1060.65087890625,527.6012573242188,721.931884765625,509.4031982421875,284.69586181640625,303.78021240234375
P015091,CBK277939,216.63417053222656,150.96669006347656,629.5752563476562,1026.66015625,991.8007202148438,515.18603515625,690.8699951171875,535.1830444335938,332.8753356933594,434.9565124511719
P015091,CBK277957,212.1134033203125,148.65957641601562,507.6754150390625,1095.5947265625,936.6109008789062,502.89581298828125,649.651611328125,509.9481201171875,290.45721435546875,415.03399658203125
P015091,CBK277961,241.36717224121094,196.8573760986328,713.8671264648438,881.8580932617188,1371.9786376953125,760.540283203125,904.4165649414062,664.6432495117188,448.1695251464844,562.9085693359375
P015091,CBK277968,289.9495544433594,266.2732238769531,876.777587890625,1049.203857421875,1788.3082275390625,953.3634033203125,1264.7513427734375,938.0543823242188,691.2451782226562,729.7913208007812
P015091,CBK277973,210.47166442871094,138.29795837402344,530.8080444335938,819.9016723632812,967.2623901367188,466.2141418457031,670.6002197265625,501.7780456542969,320.6123046875,527.0464477539062
P015091,CBK277990,212.5631561279297,152.08505249023438,501.81878662109375,1035.2032470703125,949.8602905273438,533.341552734375,660.6923828125,558.446533203125,296.1810607910156,438.6964416503906
P015091,CBK278016,228.21755981445312,176.29348754882812,582.6286010742188,982.8946533203125,1199.5042724609375,772.998291015625,816.8749389648438,720.8820190429688,437.9927673339844,674.2691650390625
P015091,CBK278021,219.32334899902344,159.90481567382812,636.967529296875,1225.9176025390625,1104.465087890625,565.9019165039062,759.3390502929688,566.9578247070312,356.5577697753906,540.3626098632812
P015091,CBK278039,202.50914001464844,100.99275207519531,453.06298828125,573.76806640625,885.7891235351562,298.809326171875,600.7819213867188,301.2799377441406,246.7251739501953,174.66098022460938
P015091,CBK278047,284.7965087890625,262.5426025390625,900.4390258789062,1115.0172119140625,1596.597900390625,883.6331176757812,1094.3621826171875,810.1668090820312,667.5306396484375,726.8215942382812
P015091,CBK278050,274.7101745605469,242.72265625,798.3361206054688,898.9000854492188,1575.7054443359375,842.6087646484375,1092.82568359375,816.465087890625,616.5693969726562,648.7196044921875
P015091,CBK278067,227.41494750976562,165.8411865234375,666.1522216796875,1337.8804931640625,1137.5848388671875,686.4588623046875,807.188232421875,664.7437133789062,413.1402282714844,582.4457397460938
P015091,CBK278556G,286.8619689941406,264.2432556152344,908.4166259765625,1041.361083984375,1672.614013671875,915.2435302734375,1193.020263671875,918.2589111328125,680.2257080078125,733.2569580078125
P015091,CBK288302,300.7379455566406,289.5894470214844,879.4346313476562,939.0478515625,1960.4141845703125,974.7300415039062,1360.2076416015625,949.2727661132812,759.2061157226562,777.8115234375
P015091,CBK289731,217.8511505126953,174.17068481445312,571.407470703125,973.6387329101562,927.3226318359375,494.7417907714844,649.2874145507812,534.8616333007812,304.8806457519531,470.39508056640625
P015091,CBK289737,276.8067932128906,257.8529357910156,838.7880249023438,1232.2672119140625,1616.1123046875,890.1658325195312,1118.3272705078125,847.1815185546875,642.700439453125,695.6412963867188
P015091,CBK289739,272.66741943359375,243.08595275878906,771.1397705078125,969.8385009765625,1565.613525390625,883.2393798828125,1114.08984375,890.5568237304688,610.6185913085938,672.18017578125
P015091,CBK289740,214.12655639648438,154.3277130126953,545.377685546875,957.2671508789062,961.6921997070312,496.51177978515625,668.099609375,504.8417053222656,298.84490966796875,432.01531982421875
P015091,CBK289756,215.87355041503906,123.8503646850586,540.1552734375,776.1558837890625,1053.9403076171875,424.8057861328125,715.4537963867188,395.3294677734375,308.2148742675781,278.8083190917969
P015091,CBK289839,286.0515441894531,261.5635681152344,917.5482177734375,1135.37841796875,1870.0081787109375,942.392333984375,1355.161865234375,993.7457885742188,697.900390625,767.4911499023438
P015091,CBK290181,262.2461853027344,233.84371948242188,800.058837890625,999.286376953125,1527.8275146484375,943.539306640625,1077.4879150390625,891.7813720703125,597.0422973632812,660.3765869140625
P015091,CBK290285,285.3206481933594,263.2172546386719,906.3779296875,1017.031494140625,1757.1075439453125,934.6333618164062,1278.433837890625,976.8790283203125,678.8029174804688,712.1950073242188
P015091,CBK290479,214.88694763183594,163.11312866210938,611.1478881835938,1035.7840576171875,974.1241455078125,531.8401489257812,680.1915283203125,578.9118041992188,309.5122375488281,456.0092468261719
P015091,CBK290481,214.5589141845703,158.02540588378906,519.1087646484375,975.5729370117188,912.2735595703125,519.992919921875,636.9241943359375,542.264892578125,307.72283935546875,464.9658508300781
P015091,CBK290547,262.526611328125,225.40892028808594,859.9235229492188,1194.2164306640625,1523.0311279296875,886.13525390625,1070.1417236328125,843.9697875976562,604.0816650390625,682.4017333984375
P015091,CBK290573,210.77723693847656,149.8292236328125,599.1082763671875,1422.372802734375,903.759765625,521.8065795898438,634.8694458007812,543.5925903320312,297.0841064453125,423.3609924316406
P015091,CBK290613,275.1205749511719,248.95138549804688,818.8822021484375,976.3844604492188,1685.366455078125,940.3230590820312,1235.830810546875,979.7573852539062,661.7442016601562,712.1755981445312
P015091,CBK290753,221.85140991210938,159.72494506835938,555.0240478515625,831.6568603515625,1109.5084228515625,502.5829772949219,749.6795043945312,473.6701965332031,352.9788513183594,475.305419921875
P015091,CBK290760,219.8126220703125,160.56222534179688,540.7628173828125,902.6123657226562,999.267578125,504.8974609375,698.998046875,540.869384765625,345.8446044921875,480.57745361328125
P015091,CBK290799,215.17340087890625,146.37393188476562,560.1707153320312,883.5426025390625,954.80810546875,479.4327697753906,665.4887084960938,520.4210815429688,336.3274230957031,455.5465393066406
P015091,CBK290803,214.4700164794922,155.10142517089844,572.1817016601562,971.8626098632812,993.9827880859375,539.2637329101562,707.2401733398438,691.5609741210938,349.04315185546875,604.1842041015625
P015091,CBK290810,240.68482971191406,187.5699920654297,698.4102783203125,906.4420166015625,1406.025390625,759.503173828125,956.8175659179688,688.9596557617188,490.57806396484375,584.54931640625
P015091,CBK290816,268.83428955078125,228.64651489257812,827.1989135742188,1076.138916015625,1620.3616943359375,896.8230590820312,1101.918212890625,843.738037109375,614.701416015625,643.4478759765625
P015091,CBK290837,208.3031768798828,143.7714080810547,802.9963989257812,1938.1246337890625,943.3834838867188,511.10736083984375,659.1036376953125,548.1779174804688,284.18804931640625,478.3569030761719
P015091,CBK290945,229.67515563964844,196.4254150390625,746.0313110351562,1233.4110107421875,1102.9859619140625,700.2721557617188,797.383544921875,751.6380615234375,421.0250549316406,626.3499755859375
P015091,CBK291020,225.04547119140625,188.98033142089844,722.1480102539062,1142.1319580078125,1109.6517333984375,647.5632934570312,790.6723022460938,726.9502563476562,380.21563720703125,568.033447265625
P015091,CBK291055,213.8993682861328,156.77406311035156,559.0546875,1194.017578125,957.8598022460938,556.4177856445312,665.9213256835938,555.5369262695312,307.26556396484375,482.8169250488281
P015091,CBK303867,212.98321533203125,136.8419189453125,623.971923828125,1034.6729736328125,1130.176513671875,700.8318481445312,833.477783203125,1067.853271484375,323.35272216796875,497.98565673828125
P015091,CBK303885,252.61691284179688,211.1824188232422,790.8699951171875,965.9697875976562,1441.0921630859375,826.895751953125,985.7227783203125,767.2689819335938,515.3111572265625,555.4155883789062
P015091,CBK303971,240.50979614257812,318.5731506347656,709.254150390625,972.8802490234375,1296.4898681640625,750.1583251953125,904.5851440429688,779.6936645507812,406.0406494140625,482.0008239746094
P015091,CBK307768,254.1580047607422,217.89425659179688,713.9249267578125,959.3021850585938,1452.97119140625,777.4341430664062,1048.3421630859375,806.1077270507812,543.696533203125,580.1467895507812
P015091,CBK308137,270.7005310058594,243.2247772216797,882.827392578125,989.3931274414062,1655.36669921875,859.5226440429688,1137.694580078125,861.2628173828125,604.1682739257812,637.3108520507812
P015091,CBK308232,212.9306640625,141.49838256835938,556.310302734375,885.9036254882812,1051.2701416015625,473.2535400390625,718.537109375,478.7010498046875,324.5917053222656,440.1253967285156
P015091,CBK308260,291.1764831542969,274.111083984375,888.7008056640625,978.3002319335938,1656.1644287109375,895.368896484375,1190.693603515625,913.6109619140625,706.5128784179688,754.4752807617188
P015091,CBK308266,212.90811157226562,155.58953857421875,517.3015747070312,880.001953125,964.8053588867188,453.1523132324219,665.0520629882812,472.2164306640625,297.0041198730469,410.861083984375
P015091,CBK308430,272.8202209472656,252.1511688232422,912.3330688476562,1123.5599365234375,1644.794921875,865.8726196289062,1123.954833984375,843.3698120117188,610.3749389648438,612.979736328125
P015091,CBK308482,215.7366180419922,164.2019500732422,527.4328002929688,904.6102905273438,1031.9921875,528.442138671875,716.3018798828125,550.8896484375,311.2481384277344,435.12640380859375
P015091,CBK308657,218.5717315673828,159.8799285888672,540.1503295898438,916.5465698242188,1026.7994384765625,498.07659912109375,714.0447998046875,530.0072631835938,345.93634033203125,502.6077575683594
P015091,CBK308696,223.98580932617188,173.2814483642578,615.0914916992188,975.7896728515625,1121.0516357421875,573.534423828125,767.7296752929688,560.8610229492188,390.9662170410156,563.9745483398438
P015091,CBK308923,219.96612548828125,161.124755859375,577.16064453125,990.0256958007812,1130.5670166015625,506.4735107421875,767.0158081054688,497.6976623535156,343.85467529296875,495.09271240234375
P015091,CBK309064,257.0303649902344,213.2801971435547,846.048828125,970.3895263671875,1613.01416015625,934.3662109375,1286.2933349609375,1285.7783203125,632.455078125,664.2979736328125
P015091,CBK309488,221.8795928955078,158.2440643310547,533.6780395507812,878.818603515625,1066.449951171875,572.780029296875,736.4069213867188,562.4028930664062,353.7422180175781,474.7461242675781
P015091,CBK309522,226.8177490234375,182.06988525390625,587.379150390625,869.9407958984375,1134.205322265625,563.4519653320312,772.2726440429688,542.4082641601562,378.5459899902344,534.185546875
P015091,CBK309523,259.8457946777344,227.83056640625,770.306884765625,982.5984497070312,1606.6776123046875,864.2998657226562,1049.9300537109375,767.8289794921875,534.5814819335938,561.929931640625
P015091,CBK309545,224.48855590820312,153.02159118652344,654.0010375976562,1250.1033935546875,1242.088134765625,891.9158935546875,928.1715087890625,1070.31005859375,407.1645812988281,576.3449096679688
P015091,CBK309553,217.94056701660156,145.19790649414062,639.7394409179688,940.5315551757812,1383.65673828125,834.8531494140625,932.827880859375,762.8457641601562,379.0999755859375,526.0383911132812
P015091,dmso,295.6358947753906,275.0776062011719,822.0890502929688,893.8342895507812,1936.2264404296875,961.3603515625,1386.023681640625,986.4683837890625,716.7659301757812,729.031494140625
P015092,CBK288327,246.4087677001953,194.4780731201172,905.7723999023438,1060.879638671875,1070.0115966796875,721.7272338867188,748.1184692382812,693.8621826171875,444.3870849609375,583.1433715820312
P015092,CBK288347,207.02597045898438,44.71272277832031,390.49884033203125,396.3517150878906,599.3486938476562,134.83795166015625,415.4444885253906,115.03025817871094,218.30276489257812,105.05347442626953
P015092,CBK288351,239.77024841308594,173.0162353515625,901.7852783203125,1515.4017333984375,944.0404052734375,676.6071166992188,674.3787231445312,626.1165771484375,369.6124267578125,485.7846984863281
P015092,CBK289978,284.13128662109375,248.38938903808594,1336.696533203125,1330.9903564453125,1287.171875,700.933349609375,906.8324584960938,703.4552001953125,543.3477783203125,597.1342163085938
P015092,CBK290154,288.05657958984375,262.6308288574219,1087.5635986328125,1092.5052490234375,1321.2486572265625,708.5603637695312,947.80126953125,746.9948120117188,567.6148071289062,603.4373779296875
P015092,CBK290608,279.9840393066406,244.73284912109375,1120.371826171875,1062.2213134765625,1219.398193359375,639.1104736328125,844.2750854492188,621.0206909179688,528.3826904296875,613.5050659179688
P015092,CBK290717,281.96478271484375,256.8169860839844,1176.335693359375,1153.53857421875,1207.6668701171875,651.0615234375,849.1438598632812,654.5125732421875,531.7572631835938,589.0952758789062
P015092,CBK290852,255.86741638183594,202.9870147705078,900.8344116210938,1094.7872314453125,913.3350219726562,500.3380432128906,644.5918579101562,473.8681335449219,398.04541015625,442.45269775390625
P015092,CBK290877,271.7268981933594,230.3516845703125,1040.268798828125,1083.2381591796875,1110.5567626953125,574.8328247070312,768.447998046875,547.2415771484375,463.350341796875,494.6192932128906
P015092,CBK293875,281.2061767578125,256.630615234375,941.0555419921875,1036.4298095703125,1294.3060302734375,755.6304321289062,926.195556640625,762.5643920898438,564.461669921875,624.6270141601562
P015092,CBK293908,274.2312316894531,230.23387145996094,1119.4556884765625,1071.322509765625,1234.399169921875,678.7167358398438,889.2918701171875,718.4425048828125,498.3065185546875,531.6209716796875
P015092,CBK303909,272.844970703125,227.18959045410156,1122.439208984375,1122.765380859375,1233.548583984375,684.9608764648438,877.1311645507812,686.3822021484375,545.1486206054688,581.5753784179688
P015092,CBK308126,265.4129943847656,254.7661895751953,965.9500732421875,1279.2523193359375,986.9780883789062,581.475830078125,734.8421020507812,673.4597778320312,537.46923828125,833.2891235351562
P015092,CBK309059,288.20672607421875,266.755126953125,1121.115234375,1080.928466796875,1307.6669921875,721.4525756835938,922.4585571289062,724.3532104492188,563.15283203125,606.9581298828125
P015092,CBK309070,279.7802429199219,246.3399200439453,1015.7374267578125,1039.840087890625,1174.76416015625,643.3010864257812,825.0656127929688,643.501708984375,513.2638549804688,569.8997802734375
P015092,CBK309133,230.99807739257812,167.3864288330078,738.9295043945312,1074.3233642578125,763.4572143554688,384.8224182128906,533.1680297851562,404.3787841796875,289.1581115722656,392.9313659667969
P015092,dmso,282.3514404296875,249.44229125976562,1055.60888671875,1022.603271484375,1323.753662109375,691.9819946289062,946.6082763671875,721.2006225585938,530.4137573242188,589.7547607421875
P015093,CBK288327,231.27801513671875,185.08377075195312,1016.6642456054688,804.3710327148438,1355.297607421875,846.7738037109375,925.0039672851562,777.5777587890625,485.79541015625,651.0797729492188
P015093,CBK288347,194.5584259033203,58.29722595214844,443.5252380371094,405.71539306640625,818.9000244140625,233.5706329345703,558.4663696289062,201.09181213378906,228.61935424804688,214.867919921875
P015093,CBK288351,233.46998596191406,179.7246551513672,856.809326171875,1134.9837646484375,1259.3739013671875,818.76025390625,891.0929565429688,738.5579833984375,440.2521667480469,567.880859375
P015093,CBK289978,301.518798828125,281.643798828125,1571.1812744140625,1535.8096923828125,1925.6505126953125,978.7938842773438,1367.1663818359375,989.26220703125,746.005615234375,814.0576171875
P015093,CBK290154,264.312255859375,234.05276489257812,1057.1732177734375,947.064208984375,1608.0517578125,893.0889282226562,1127.57421875,862.7444458007812,603.2057495117188,656.2421875
P015093,CBK290608,280.47674560546875,252.70999145507812,1227.7164306640625,943.1419677734375,1767.4312744140625,894.4403076171875,1194.5784912109375,816.8944091796875,650.5968627929688,719.120849609375
P015093,CBK290717,292.2973327636719,275.2786560058594,1203.603271484375,948.3153076171875,1744.4935302734375,906.9794311523438,1230.028564453125,903.8367919921875,712.8966674804688,746.3456420898438
P015093,CBK290852,247.92501831054688,202.89039611816406,956.68505859375,851.7666015625,1318.2823486328125,665.9370727539062,891.02734375,594.89453125,480.5890197753906,508.5467224121094
P015093,CBK290877,273.4022216796875,245.47122192382812,1091.8524169921875,880.7361450195312,1498.1517333984375,776.9566040039062,1043.90869140625,746.8690795898438,572.931396484375,586.2940063476562
P015093,CBK293875,287.7046813964844,271.6177978515625,972.9087524414062,870.7716674804688,1746.425537109375,910.2411499023438,1189.0477294921875,839.0107421875,690.4708862304688,729.4148559570312
P015093,CBK293908,287.43865966796875,258.0063171386719,1313.6141357421875,1013.744384765625,1892.49267578125,937.1492919921875,1339.731689453125,965.4388427734375,691.0321044921875,672.5687255859375
P015093,CBK303909,275.8690185546875,240.09149169921875,1145.44873046875,907.8587036132812,1723.25634765625,870.1458129882812,1183.72607421875,836.8403930664062,669.9525756835938,687.2594604492188
P015093,CBK308126,242.222412109375,217.704345703125,931.0327758789062,850.8658447265625,1281.887451171875,737.7222900390625,915.54150390625,772.978515625,562.6669921875,858.6522216796875
P015093,CBK309059,306.0457458496094,291.86627197265625,1310.4744873046875,1024.2362060546875,1906.458740234375,953.3949584960938,1329.6231689453125,948.7993774414062,780.8561401367188,779.1337890625
P015093,CBK309070,275.0118713378906,251.17764282226562,1100.8511962890625,912.63623046875,1650.1751708984375,873.9631958007812,1166.176513671875,868.91845703125,631.305908203125,676.920166015625
P015093,CBK309133,229.0914764404297,180.94607543945312,915.5420532226562,988.0744018554688,1100.4127197265625,603.5494384765625,764.5369873046875,597.3270874023438,377.0168762207031,501.503662109375
P015093,dmso,271.967041015625,239.50057983398438,1108.46533203125,862.3980712890625,1834.9681396484375,973.797607421875,1369.767822265625,1176.3341064453125,630.740478515625,685.2262573242188
P015094,CBK041804,268.19354248046875,235.46949768066406,1022.5042724609375,1060.3563232421875,1210.7100830078125,662.8750610351562,829.7036743164062,632.50244140625,514.7113037109375,562.5676879882812
P015094,CBK277926,256.57574462890625,209.67477416992188,976.3898315429688,987.9947509765625,1170.430908203125,625.5578002929688,806.7333984375,601.56787109375,488.9537048339844,546.0133056640625
P015094,CBK277950,256.29840087890625,196.48521423339844,1077.902587890625,1170.522216796875,1171.6072998046875,657.125244140625,804.5439453125,617.7836303710938,515.7637939453125,621.9055786132812
P015094,CBK277970,267.675537109375,231.76617431640625,1144.073974609375,1143.9158935546875,1229.0010986328125,670.4791870117188,845.7235107421875,651.6299438476562,522.0865478515625,559.8522338867188
P015094,CBK278031,246.18544006347656,189.02647399902344,1083.342529296875,1266.26513671875,1189.1929931640625,689.8649291992188,821.5375366210938,667.8778076171875,544.379150390625,711.4800415039062
P015094,CBK278729,287.0518493652344,294.0214538574219,1216.61328125,1196.1214599609375,1367.14208984375,762.5595092773438,987.2504272460938,798.7999877929688,595.1876220703125,625.2633056640625
P015094,CBK289918H,274.4955749511719,241.38272094726562,1001.2000732421875,945.67822265625,1267.017822265625,701.9193725585938,860.4208374023438,642.9823608398438,532.2086181640625,590.0433349609375
P015094,CBK289987,265.1429443359375,224.5264129638672,1017.7529907226562,1017.400634765625,1278.4041748046875,687.2606811523438,879.115966796875,656.8649291992188,509.9234924316406,552.242919921875
P015094,CBK290205,287.8659973144531,264.0302429199219,1155.17822265625,1155.7193603515625,1369.7203369140625,759.5584716796875,989.8573608398438,789.9256591796875,601.516357421875,639.3562622070312
P015094,CBK290351,240.70286560058594,203.97412109375,1064.3590087890625,1148.8795166015625,1265.16650390625,747.2125244140625,860.0802612304688,684.5133056640625,470.0886535644531,547.2005004882812
P015094,CBK290352,274.4117126464844,246.7393798828125,1088.6195068359375,1054.77978515625,1227.182373046875,666.6773071289062,864.9951782226562,662.0722045898438,530.578125,575.6863403320312
P015094,CBK290655,252.02276611328125,207.8253936767578,1027.86279296875,1096.942626953125,1132.692626953125,636.5499267578125,772.0239868164062,584.1361694335938,467.5063171386719,561.4584350585938
P015094,CBK290883,273.25177001953125,244.8727569580078,1106.0550537109375,1157.03271484375,1283.51416015625,700.4544677734375,893.6647338867188,686.1729736328125,534.7512817382812,580.7175903320312
P015094,CBK290993,270.67742919921875,234.36851501464844,1143.4080810546875,1150.8905029296875,1350.119140625,765.7508544921875,947.9988403320312,753.1207275390625,549.4818725585938,634.814208984375
P015094,CBK308108,277.77069091796875,245.74139404296875,1028.7188720703125,1043.5279541015625,1317.256591796875,755.62255859375,930.9708862304688,744.660400390625,565.8513793945312,623.5239868164062
P015094,CBK308321,264.72674560546875,223.5832977294922,1005.796142578125,1027.214599609375,1187.9599609375,635.9700317382812,797.7182006835938,570.8880615234375,491.10076904296875,536.3349609375
P015094,CBK308723,276.0022277832031,252.1073760986328,1167.3541259765625,1158.2880859375,1324.043212890625,701.2994384765625,936.023193359375,724.1888427734375,558.5125732421875,612.9080200195312
P015094,CBK308811,269.70086669921875,239.2637176513672,1032.85986328125,1036.1580810546875,1202.8572998046875,646.5860595703125,838.1697998046875,630.8447265625,517.5391235351562,572.5698852539062
P015094,CBK308846,272.8705749511719,243.77279663085938,1129.124755859375,1244.117919921875,1234.192626953125,682.8409423828125,853.9419555664062,670.9899291992188,522.6248779296875,591.5206298828125
P015094,CBK309255,277.3214111328125,252.43592834472656,1093.849365234375,1167.4976806640625,1268.290771484375,697.5130004882812,888.1341552734375,689.1666259765625,543.8585205078125,597.5192260742188
P015094,CBK309483,243.37771606445312,175.06369018554688,1033.0970458984375,1126.358154296875,1148.5927734375,645.4453735351562,786.8317260742188,616.490966796875,502.04473876953125,616.36669921875
P015094,dmso,273.2923583984375,236.90609741210938,1036.827880859375,1010.4180908203125,1361.328125,690.401611328125,947.6829223632812,676.106689453125,521.6905517578125,565.1163330078125
P015095,CBK041804,300.2208251953125,282.5540771484375,952.5932006835938,933.94873046875,1726.09912109375,896.6498413085938,1197.92431640625,860.3169555664062,705.2582397460938,720.0942993164062
P015095,CBK277926,285.2060546875,261.94805908203125,952.0259399414062,1105.6361083984375,1754.4407958984375,971.6375122070312,1186.129638671875,872.4451904296875,672.6383056640625,723.8429565429688
P015095,CBK277950,269.55487060546875,220.32862854003906,917.0315551757812,1018.1409301757812,1569.636474609375,887.1145629882812,1046.49462890625,770.1689453125,645.3128051757812,725.126953125
P015095,CBK277970,298.8390808105469,283.4211730957031,1004.5260009765625,993.2549438476562,1730.0809326171875,905.2222290039062,1167.7498779296875,829.8663940429688,686.0196533203125,711.9483642578125
P015095,CBK278031,258.05780029296875,215.22689819335938,1032.7401123046875,1044.9930419921875,1698.568115234375,884.6906127929688,1120.5244140625,799.2393798828125,691.0911254882812,839.1015014648438
P015095,CBK278729,281.91015625,265.66534423828125,983.3310546875,1053.33544921875,1659.85400390625,922.5861206054688,1162.154052734375,886.6329345703125,647.1616821289062,729.379638671875
P015095,CBK289918H,275.3294982910156,239.30804443359375,985.1671752929688,1079.2392578125,1799.0467529296875,1185.23388671875,1468.580078125,1722.341552734375,660.1976318359375,738.97021484375
P015095,CBK289987,285.9442443847656,260.6260986328125,860.3456420898438,911.886474609375,1692.940673828125,912.6336669921875,1118.2733154296875,787.1264038085938,648.7984619140625,695.1351318359375
P015095,CBK290205,295.2767028808594,271.155517578125,1054.811767578125,1158.13427734375,1854.086669921875,987.1889038085938,1395.8206787109375,1238.0260009765625,713.9912109375,739.0408325195312
P015095,CBK290351,276.6335754394531,264.95599365234375,884.8947143554688,909.6271362304688,1693.515380859375,865.4100341796875,1133.987060546875,785.12939453125,647.2130737304688,681.5773315429688
P015095,CBK290352,307.99871826171875,297.27972412109375,1007.6398315429688,950.8172607421875,1753.6226806640625,894.56982421875,1184.930908203125,822.0447998046875,710.6570434570312,734.1946411132812
P015095,CBK290655,265.6056823730469,232.3787384033203,886.012939453125,981.148681640625,1688.18212890625,867.076904296875,1129.1346435546875,774.5806274414062,588.3896484375,678.765380859375
P015095,CBK290883,274.320556640625,248.96768188476562,876.4691772460938,900.230224609375,1618.1956787109375,860.1090698242188,1100.7603759765625,784.4951171875,597.0873413085938,624.6321411132812
P015095,CBK290993,267.79656982421875,230.59559631347656,826.1865234375,903.1250610351562,1631.534423828125,870.4004516601562,1065.8380126953125,743.9603271484375,608.31884765625,676.3045043945312
P015095,CBK308108,289.18890380859375,270.2510070800781,950.0196533203125,912.6981811523438,1734.387451171875,884.6997680664062,1172.7113037109375,804.2567749023438,651.8984985351562,701.8306884765625
P015095,CBK308321,303.14727783203125,308.89666748046875,974.7567138671875,932.4872436523438,1805.1722412109375,927.41015625,1202.5675048828125,816.7010498046875,700.7178955078125,710.0018920898438
P015095,CBK308723,286.4800720214844,262.7781066894531,945.9011840820312,930.6428833007812,1635.4500732421875,824.858642578125,1104.960205078125,747.22314453125,635.2211303710938,668.3719482421875
P015095,CBK308811,306.0421142578125,290.0155334472656,1035.662841796875,1001.6934204101562,1836.54541015625,919.5403442382812,1234.0050048828125,848.041259765625,725.439453125,745.2120361328125
P015095,CBK308846,280.8467712402344,262.5986022949219,833.787109375,948.1431274414062,1537.7001953125,831.1199951171875,1017.8611450195312,751.46728515625,587.5711669921875,634.5931396484375
P015095,CBK309255,285.3376770019531,267.77392578125,892.4075927734375,884.417236328125,1712.611083984375,906.334716796875,1174.9102783203125,840.7666015625,645.2618408203125,684.185791015625
P015095,CBK309483,251.2886505126953,194.75621032714844,913.7807006835938,1025.55615234375,1604.77978515625,875.9868774414062,1054.6329345703125,781.9761962890625,643.4168090820312,734.4521484375
P015095,dmso,296.0557861328125,273.9232177734375,878.1445922851562,812.9262084960938,1885.052490234375,898.8115234375,1266.177734375,819.50341796875,659.7083740234375,693.2333374023438
P015096,CBK041256,199.40853881835938,61.3326301574707,714.8696899414062,546.3773193359375,780.864501953125,151.0226593017578,529.1680297851562,139.82579040527344,223.4455108642578,91.96192169189453
P015096,CBK041519,263.99212646484375,231.9355926513672,1004.0843505859375,893.4287719726562,1350.4847412109375,688.6753540039062,895.9531860351562,598.7814331054688,516.2507934570312,540.8488159179688
P015096,CBK041619,219.32644653320312,147.47213745117188,916.0780029296875,833.8128662109375,975.3336791992188,365.73895263671875,687.8721313476562,417.1879577636719,292.42156982421875,244.1417236328125
P015096,CBK041675,286.879150390625,500.5460205078125,1457.05810546875,1122.08349609375,1400.7259521484375,744.6361694335938,1019.5643310546875,816.5963134765625,573.7322998046875,629.4682006835938
P015096,CBK042154,202.67987060546875,101.54154205322266,893.9046020507812,767.669677734375,831.3284912109375,254.2272491455078,569.0462036132812,274.9825744628906,239.750732421875,175.455322265625
P015096,CBK200838,254.87721252441406,224.31369018554688,1438.8902587890625,1078.9669189453125,1339.3583984375,701.1546020507812,961.0629272460938,751.3262329101562,533.6500854492188,591.2841186523438
P015096,CBK200860,263.07159423828125,229.1765899658203,1100.72998046875,1108.307861328125,1371.4696044921875,758.6773681640625,1011.1978759765625,835.093994140625,556.718505859375,617.0739135742188
P015096,CBK200927,270.0035400390625,237.58164978027344,1057.4122314453125,1115.969482421875,1391.02978515625,790.3511962890625,1049.27587890625,900.6121215820312,577.19140625,638.3460083007812
P015096,CBK290848,266.11419677734375,241.83258056640625,1500.353759765625,1156.4210205078125,1327.427490234375,719.9878540039062,957.24658203125,770.630615234375,561.804443359375,617.764404296875
P015096,CBK307772,258.4796142578125,226.85751342773438,1289.66455078125,1106.0975341796875,1317.5584716796875,748.0741577148438,962.483154296875,807.3318481445312,542.0996704101562,602.0308227539062
P015096,CBK307773,274.6160888671875,249.59373474121094,1347.7001953125,1214.913818359375,1478.1402587890625,788.7339477539062,1079.6973876953125,848.5264892578125,616.5719604492188,659.0333862304688
P015096,CBK307956,254.2177734375,220.4402618408203,1329.9539794921875,1161.0350341796875,1300.5853271484375,704.7621459960938,935.034912109375,755.1243896484375,523.0836181640625,589.419921875
P015096,CBK308519,268.6396789550781,245.02972412109375,1474.389892578125,1237.61328125,1364.5240478515625,729.0785522460938,982.1346435546875,781.5577392578125,571.0004272460938,630.6971435546875
P015096,CBK308608,260.5283508300781,224.47747802734375,1193.4439697265625,1127.3748779296875,1317.143310546875,720.8465576171875,948.3670654296875,752.8425903320312,554.6594848632812,605.3109741210938
P015096,CBK308887,270.8606872558594,246.38107299804688,1397.8626708984375,1202.653076171875,1394.2572021484375,782.1546020507812,1020.9310302734375,858.871826171875,581.4036865234375,650.9583129882812
P015096,CBK309090,267.8414001464844,235.88768005371094,1159.0350341796875,1157.873779296875,1375.8201904296875,746.6886596679688,1002.046875,804.1907958984375,563.6826782226562,613.18505859375
P015096,CBK309098,263.7339782714844,225.8942413330078,1007.7054443359375,1220.3555908203125,1270.4788818359375,776.89306640625,951.055908203125,831.2782592773438,560.4412841796875,669.3824462890625
P015096,CBK309258,202.78004455566406,67.00871276855469,568.268798828125,567.6542358398438,734.8069458007812,170.87066650390625,502.0249938964844,172.64276123046875,229.3511199951172,113.30657958984375
P015096,CBK309349,205.28366088867188,103.84339141845703,718.8199462890625,615.0496215820312,856.48583984375,230.23878479003906,578.63037109375,202.90013122558594,229.0318145751953,117.48130798339844
P015096,CBK309537,261.7960510253906,223.2011260986328,1108.4266357421875,1097.939697265625,1380.7598876953125,754.47119140625,967.3692626953125,749.8453369140625,549.9710693359375,603.5278930664062
P015096,dmso,274.2294616699219,463.7129821777344,1305.8028564453125,1044.4052734375,1450.1727294921875,745.0964965820312,1039.62646484375,787.5769653320312,553.01220703125,601.7073364257812
P015097,CBK041256,196.1398468017578,75.77689361572266,997.3248291015625,463.2099609375,883.1814575195312,222.3021697998047,596.5162963867188,195.332275390625,220.133544921875,140.43914794921875
P015097,CBK041519,269.2280578613281,248.4887237548828,1200.5579833984375,599.4984741210938,1466.2587890625,714.9700927734375,917.1610107421875,548.1321411132812,535.730712890625,564.2494506835938
P015097,CBK041619,225.50083923339844,170.0130615234375,1103.9776611328125,675.1179809570312,1080.395751953125,501.8284606933594,743.7788696289062,484.4547424316406,312.6646728515625,271.11004638671875
P015097,CBK041675,287.04876708984375,283.2419738769531,1555.4224853515625,809.2644653320312,1584.435546875,863.5824584960938,1083.6036376953125,804.42724609375,635.5105590820312,689.2608032226562
P015097,CBK042154,211.22999572753906,145.20614624023438,1143.2822265625,716.2786254882812,910.84130859375,375.1125793457031,622.383056640625,359.5694274902344,258.4241638183594,233.80810546875
P015097,CBK200838,273.43389892578125,264.568115234375,1423.4534912109375,959.1298828125,1692.3948974609375,933.7090454101562,1210.2271728515625,987.4331665039062,614.6982421875,668.9219970703125
P015097,CBK200860,276.8726806640625,262.8956298828125,1315.6983642578125,856.7968139648438,1556.734619140625,864.5347900390625,1057.2852783203125,786.5529174804688,603.4946899414062,657.16357421875
P015097,CBK200927,278.1925048828125,260.86309814453125,1268.51513671875,932.09375,1608.72509765625,921.8072509765625,1128.437744140625,881.8663330078125,639.900634765625,697.5023803710938
P015097,CBK290848,286.6105651855469,276.8182678222656,1424.6693115234375,935.5811767578125,1708.945556640625,947.3551025390625,1175.0235595703125,886.2506713867188,673.4066772460938,725.8631591796875
P015097,CBK307772,278.24822998046875,266.6014404296875,1559.1690673828125,792.0564575195312,1605.2413330078125,878.2785034179688,1086.1102294921875,798.9633178710938,614.5258178710938,672.8291015625
P015097,CBK307773,296.2072448730469,293.20550537109375,1667.9295654296875,886.7135009765625,1729.4744873046875,892.6116333007812,1184.279052734375,849.5667724609375,687.9456176757812,716.296142578125
P015097,CBK307956,267.0121154785156,246.82302856445312,1254.4146728515625,835.5781860351562,1476.4998779296875,871.7536010742188,1035.05126953125,835.84521484375,587.2608642578125,654.2335205078125
P015097,CBK308519,280.8759765625,267.6664123535156,1299.3480224609375,807.8036499023438,1637.156494140625,886.87841796875,1123.858642578125,831.937744140625,629.6637573242188,675.402099609375
P015097,CBK308608,290.9684143066406,281.9549255371094,1366.3299560546875,804.3062133789062,1674.498779296875,897.2745361328125,1155.3751220703125,850.552978515625,663.6395263671875,696.0637817382812
P015097,CBK308887,283.1822509765625,279.0223693847656,1421.6131591796875,907.3060302734375,1689.595458984375,924.1574096679688,1164.5809326171875,870.1314697265625,639.3853149414062,687.9471435546875
P015097,CBK309090,281.32977294921875,266.9079895019531,1424.4034423828125,975.3988037109375,1690.612548828125,932.4729614257812,1162.7930908203125,874.8754272460938,656.2453002929688,709.6703491210938
P015097,CBK309098,282.25421142578125,273.3662414550781,1318.305419921875,858.4856567382812,1567.683837890625,913.729736328125,1105.91943359375,856.9256591796875,658.9984741210938,744.1884765625
P015097,CBK309258,196.93896484375,82.8359603881836,1045.2374267578125,521.9013671875,861.1760864257812,226.35958862304688,581.477294921875,200.07334899902344,223.14022827148438,183.8015594482422
P015097,CBK309349,200.44004821777344,88.05321502685547,1003.2438354492188,505.5686340332031,894.3831176757812,230.57720947265625,602.3611450195312,208.28274536132812,230.6632080078125,174.80038452148438
P015097,CBK309537,274.8584289550781,258.2008056640625,1419.8663330078125,753.23828125,1606.7449951171875,840.3768310546875,1055.9432373046875,729.3270874023438,608.5524291992188,642.8186645507812
P015097,dmso,279.2975769042969,264.9002380371094,1571.0262451171875,975.6759033203125,1805.0985107421875,991.1921997070312,1258.2801513671875,958.0549926757812,638.8358154296875,692.1351928710938
P015098,CBK011613,288.97760009765625,275.8963317871094,1362.3123779296875,1343.059814453125,1358.8526611328125,755.38671875,1006.5076904296875,828.7509155273438,573.7188110351562,659.7467651367188
P015098,CBK016139,225.92298889160156,169.52618408203125,1002.1331176757812,1079.3411865234375,1010.3211669921875,660.6768188476562,706.36865234375,661.1690673828125,347.0961608886719,456.57177734375
P015098,CBK017131,278.4311218261719,258.14453125,1368.928955078125,1173.178466796875,1329.10791015625,699.1087036132812,957.8849487304688,743.3389892578125,554.6936645507812,603.8350830078125
P015098,CBK041003,271.0500793457031,250.12115478515625,1310.5504150390625,1179.10888671875,1321.817138671875,711.3627319335938,952.9552612304688,755.9503784179688,524.7818603515625,608.34765625
P015098,CBK041184,221.3056640625,162.59877014160156,1156.7291259765625,1107.83251953125,961.6364135742188,650.64013671875,673.15966796875,645.7597045898438,336.4819030761719,450.6459655761719
P015098,CBK041506,272.9991760253906,244.56756591796875,1245.396484375,1137.1202392578125,1321.5989990234375,696.29443359375,939.8954467773438,719.4356689453125,530.4183349609375,577.3486328125
P015098,CBK041516,254.68592834472656,225.30853271484375,1203.0872802734375,1722.789306640625,1148.3443603515625,674.6220092773438,818.6720581054688,718.839111328125,451.033935546875,543.8541870117188
P015098,CBK041585,280.7437438964844,258.1691589355469,1394.8511962890625,1189.680419921875,1378.599365234375,740.2607421875,987.7288208007812,774.2685546875,577.8181762695312,618.8025512695312
P015098,CBK041678,282.15606689453125,264.8053283691406,1437.189208984375,1267.0543212890625,1409.8699951171875,751.306640625,1023.9390258789062,811.7608032226562,588.833740234375,637.4674072265625
P015098,CBK041720,244.83558654785156,224.447021484375,1266.0413818359375,1333.6290283203125,1128.0029296875,660.67236328125,810.1407470703125,737.8844604492188,429.594970703125,552.102294921875
P015098,CBK041761,238.11500549316406,203.91842651367188,1159.01806640625,1272.803466796875,1038.981689453125,638.46923828125,742.1087646484375,700.6743774414062,401.70172119140625,528.8845825195312
P015098,CBK041770,216.13877868652344,118.71061706542969,993.6170654296875,881.188720703125,874.2587280273438,315.7748718261719,601.4867553710938,326.9651794433594,270.1681823730469,245.44676208496094
P015098,CBK042178,197.84324645996094,34.65542221069336,253.12767028808594,393.2360534667969,648.170654296875,132.2715301513672,445.8847351074219,93.57232666015625,210.4978790283203,83.8690414428711
P015098,CBK200593,222.99867248535156,139.47561645507812,1152.261962890625,1046.6357421875,973.4223022460938,466.00384521484375,681.8619995117188,493.6246337890625,337.3384704589844,359.36822509765625
P015098,CBK200898,229.07962036132812,177.84669494628906,1127.0010986328125,1235.9332275390625,1025.08203125,668.0955200195312,716.1054077148438,668.1976928710938,363.7521057128906,483.5055236816406
P015098,CBK200945,271.2471618652344,252.3490447998047,1541.075439453125,1203.69287109375,1448.702392578125,770.6644287109375,1021.1824340820312,778.6526489257812,555.3597412109375,593.2540283203125
P015098,CBK201030,283.1504821777344,268.068359375,1574.8717041015625,1242.748046875,1360.47607421875,731.3653564453125,968.1683349609375,757.3084716796875,573.914306640625,621.8525390625
P015098,CBK201032,240.51344299316406,210.1969757080078,1282.5692138671875,1190.9267578125,1107.8658447265625,597.1558227539062,773.038818359375,624.3164672851562,394.50030517578125,489.72625732421875
P015098,CBK271643,283.4141540527344,266.1275939941406,1294.35400390625,1284.5174560546875,1326.2093505859375,724.4194946289062,975.2819213867188,786.8626098632812,567.4923095703125,645.58642578125
P015098,CBK277909,199.74893188476562,32.145843505859375,560.9432373046875,681.0819091796875,822.7676391601562,237.97564697265625,624.974609375,217.96995544433594,285.0267028808594,173.34120178222656
P015098,CBK277937,228.85879516601562,171.8755340576172,917.9244995117188,1156.2503662109375,1076.1729736328125,724.2693481445312,753.3399658203125,720.1444702148438,369.1192321777344,494.1114807128906
P015098,CBK277969,253.02757263183594,220.5745086669922,1238.5255126953125,1683.0042724609375,1135.7877197265625,661.549560546875,812.2783203125,714.4884643554688,407.554443359375,502.9866638183594
P015098,CBK278004,211.42698669433594,84.63935089111328,728.9498901367188,761.7551879882812,820.5872802734375,295.2688903808594,566.5322265625,304.6060485839844,267.2182312011719,271.5484313964844
P015098,CBK278120,317.4356689453125,1024.6175537109375,895.5533447265625,1086.12109375,972.07666015625,626.8619995117188,682.4808959960938,621.6876220703125,346.9197692871094,476.6554870605469
P015098,CBK289760,250.1649169921875,210.1060333251953,1085.3665771484375,1047.8997802734375,1203.173095703125,612.8167724609375,871.5670776367188,676.960205078125,456.1108093261719,482.4869079589844
P015098,CBK289882,291.23626708984375,273.5645751953125,1250.130126953125,1190.539794921875,1396.052001953125,755.977294921875,1025.555419921875,822.1048583984375,598.7495727539062,672.0554809570312
P015098,CBK290012,216.64964294433594,116.46829223632812,1296.38720703125,1021.9031372070312,952.1813354492188,453.2870788574219,663.5858764648438,487.9786376953125,327.8337097167969,400.841552734375
P015098,CBK290101,273.3363952636719,248.87962341308594,1383.803955078125,1220.0347900390625,1309.4825439453125,723.6952514648438,953.579833984375,764.23095703125,580.1810302734375,652.7685546875
P015098,CBK290217,285.2998352050781,280.79638671875,1512.0008544921875,1189.3734130859375,1346.833740234375,702.1199951171875,968.1107177734375,751.0773315429688,546.5587768554688,624.4317626953125
P015098,CBK290251,227.88499450683594,133.61204528808594,1081.22607421875,1009.4205322265625,984.12451171875,438.2879638671875,681.6912841796875,446.7562561035156,338.1483154296875,370.5990905761719
P015098,CBK290287,285.3173828125,274.8119201660156,1572.490234375,1321.4183349609375,1359.882568359375,768.3853759765625,995.2327880859375,820.3031005859375,593.7830810546875,690.3626098632812
P015098,CBK290493,231.02102661132812,162.97019958496094,1214.0548095703125,1110.6751708984375,1043.2308349609375,708.7992553710938,721.7173461914062,656.077392578125,374.5959777832031,494.83367919921875
P015098,CBK290529,236.076904296875,170.79774475097656,902.7578735351562,960.2390747070312,1050.9144287109375,540.2813720703125,703.4238891601562,455.7141418457031,381.657470703125,416.0993957519531
P015098,CBK290588,332.3061218261719,481.2767639160156,1418.9315185546875,1382.0401611328125,1441.2015380859375,798.8801879882812,1080.4801025390625,887.5786743164062,588.1443481445312,652.681396484375
P015098,CBK290683,226.30674743652344,135.8799285888672,1240.5128173828125,1014.2395629882812,1000.5292358398438,453.9532775878906,687.8109130859375,459.4482421875,325.65252685546875,342.308349609375
P015098,CBK291076,273.3627624511719,250.32809448242188,1334.8919677734375,1120.017578125,1391.762451171875,732.2744750976562,982.793701171875,752.719482421875,551.3938598632812,592.3873291015625
P015098,CBK303985,256.81671142578125,225.99977111816406,768.4420166015625,1125.11865234375,1162.7144775390625,646.32373046875,827.2075805664062,661.1160278320312,494.47772216796875,545.9342041015625
P015098,CBK307747,220.1028289794922,151.0450439453125,1103.534423828125,1153.7130126953125,1041.2286376953125,670.1602172851562,715.365478515625,640.4642333984375,333.9986877441406,454.22283935546875
P015098,CBK307798,284.4717712402344,339.8940734863281,1369.356689453125,1388.9571533203125,1350.7198486328125,738.0751342773438,962.5026245117188,754.7418212890625,546.0628662109375,590.7748413085938
P015098,CBK307816,221.12969970703125,148.8581085205078,1361.257568359375,1171.285888671875,1068.3067626953125,518.6469116210938,741.8117065429688,545.844970703125,367.9091796875,436.48492431640625
P015098,CBK307964,218.8115234375,143.9989013671875,982.4613647460938,972.4592895507812,933.0390625,551.7621459960938,647.5093994140625,548.8722534179688,314.6239013671875,403.0870666503906
P015098,CBK308090,282.3074645996094,265.0831604003906,1329.1883544921875,1213.346923828125,1346.0972900390625,720.98046875,946.4138793945312,720.0380249023438,552.0781860351562,621.4251098632812
P015098,CBK308097,307.657958984375,268.52734375,1495.51220703125,1234.1607666015625,1299.164794921875,726.062255859375,934.4876098632812,760.9061889648438,555.2359008789062,642.8057250976562
P015098,CBK308173,274.7597351074219,255.01026916503906,1542.733642578125,1293.309326171875,1340.8544921875,732.8777465820312,971.5613403320312,786.645751953125,578.2177734375,639.9035034179688
P015098,CBK308276,280.08935546875,276.7113952636719,1210.641357421875,1134.758056640625,1264.162841796875,774.3704833984375,977.048583984375,865.7849731445312,577.2508544921875,736.126220703125
P015098,CBK308359,219.74603271484375,137.73898315429688,888.852783203125,1001.8472900390625,978.7573852539062,610.6724853515625,673.1142578125,573.8851318359375,332.1921691894531,439.40325927734375
P015098,CBK308484,217.82704162597656,192.99884033203125,883.7774047851562,828.1487426757812,868.7802734375,338.51177978515625,595.7811279296875,326.4457702636719,290.2411804199219,302.05615234375
P015098,CBK308613,255.18186950683594,211.35850524902344,1600.4644775390625,1267.7891845703125,1394.935302734375,732.4970703125,975.5512084960938,757.469482421875,608.9349365234375,696.6322631835938
P015098,CBK308631,289.82989501953125,273.6319580078125,1490.9910888671875,1338.298828125,1521.518310546875,845.9338989257812,1142.31591796875,956.76318359375,627.2227783203125,681.275390625
P015098,CBK308819,208.00144958496094,106.19319152832031,569.1344604492188,724.2113647460938,806.0256958007812,253.6637420654297,551.4674682617188,237.24472045898438,242.42788696289062,187.5521240234375
P015098,CBK308876,280.6538391113281,267.8161926269531,1497.734619140625,1217.38720703125,1326.93603515625,705.1179809570312,963.5521240234375,761.3040771484375,561.1520385742188,649.9600830078125
P015098,CBK308880,217.77432250976562,107.94906616210938,1089.1031494140625,1040.5303955078125,937.3399047851562,453.1082763671875,664.2923583984375,512.53369140625,334.5997314453125,415.90240478515625
P015098,CBK308966,215.11782836914062,137.96395874023438,1232.8382568359375,1055.9769287109375,950.1399536132812,561.592529296875,653.8411254882812,547.8314208984375,309.2176818847656,405.8404541015625
P015098,CBK309016,220.6294708251953,147.61624145507812,908.762451171875,978.0921630859375,935.8868408203125,589.5101928710938,652.6510009765625,585.6831665039062,318.96527099609375,420.9075622558594
P015098,CBK309020,202.2813262939453,36.03816604614258,680.7855834960938,392.36663818359375,776.3461303710938,126.3231201171875,526.4280395507812,108.1191635131836,214.53372192382812,81.21250915527344
P015098,CBK309021,201.75440979003906,53.797218322753906,620.5384521484375,684.9702758789062,844.847412109375,289.99163818359375,576.177734375,249.41517639160156,254.4482421875,213.87034606933594
P015098,CBK309040,237.38385009765625,171.8918914794922,1349.2489013671875,1070.6002197265625,1218.105224609375,589.5030517578125,811.66015625,541.6151733398438,463.42767333984375,508.4118957519531
P015098,CBK309049,287.6296081542969,273.40789794921875,1389.9677734375,1294.5633544921875,1345.8887939453125,725.5675048828125,976.7360229492188,784.0630493164062,567.52734375,650.0211791992188
P015098,CBK309084,280.11749267578125,261.5955810546875,1420.5625,1270.5687255859375,1340.594482421875,730.0159912109375,954.5713500976562,745.5526733398438,573.7037353515625,632.1989135742188
P015098,CBK309265,203.65562438964844,54.843223571777344,701.9993286132812,752.85693359375,832.94287109375,276.06658935546875,573.1396484375,283.2847900390625,249.2850799560547,206.47213745117188
P015098,CBK309391,222.0713653564453,161.33773803710938,1123.1341552734375,1062.5946044921875,968.0352172851562,630.6484985351562,682.245361328125,633.457763671875,346.9868469238281,469.2314147949219
P015098,CBK309437,219.6580047607422,146.22079467773438,969.5348510742188,940.6677856445312,926.9595336914062,619.4521484375,640.9082641601562,582.2208862304688,325.7515869140625,428.3379821777344
P015098,CBK309466,290.87579345703125,282.74359130859375,1485.5574951171875,1305.0740966796875,1347.9488525390625,730.1522216796875,981.6123046875,788.00390625,576.9894409179688,672.9326171875
P015098,CBK309538,283.2699890136719,260.4106140136719,1239.935302734375,1131.4024658203125,1381.4803466796875,758.3202514648438,1000.7750244140625,792.7872314453125,599.7529296875,646.0175170898438
P015098,CBK309601,237.44842529296875,176.573974609375,1142.387939453125,1265.9622802734375,1025.305908203125,514.19970703125,719.2962646484375,520.0076904296875,343.90472412109375,363.1891174316406
P015098,CBK309639,279.6931457519531,263.06072998046875,1520.6024169921875,1287.791748046875,1424.2513427734375,756.3972778320312,1023.3126831054688,802.7363891601562,564.34423828125,601.0762329101562
P015098,CBK309655,229.6203155517578,172.7760009765625,876.7175903320312,1059.889892578125,1083.0712890625,407.8851013183594,807.5076904296875,433.85162353515625,360.486083984375,289.95758056640625
P015098,dmso,276.7703552246094,251.51531982421875,1466.557373046875,1102.9417724609375,1437.1165771484375,729.780517578125,1015.5726318359375,749.9848022460938,551.2057495117188,601.4214477539062
P015099,CBK011613,302.8443603515625,292.36590576171875,1152.694091796875,1080.9842529296875,1979.8765869140625,1114.4046630859375,1394.380615234375,1095.885986328125,712.26416015625,851.17138671875
P015099,CBK016139,238.83680725097656,330.0309143066406,948.2471313476562,959.7722778320312,1198.689208984375,961.3196411132812,799.0020751953125,792.5382690429688,397.0140380859375,565.6472778320312
P015099,CBK017131,301.222412109375,287.900146484375,1160.561279296875,1020.6297607421875,2092.456787109375,1304.6142578125,1464.91552734375,1199.873291015625,749.3333129882812,758.8815307617188
P015099,CBK041003,295.1946105957031,281.62176513671875,1098.03759765625,919.218017578125,1641.7200927734375,896.3006591796875,1101.3642578125,807.5311279296875,662.5512084960938,744.2218627929688
P015099,CBK041184,223.334716796875,176.40359497070312,1046.424560546875,927.3935546875,1143.250732421875,902.26220703125,769.6446533203125,758.9240112304688,375.8682861328125,595.7843017578125
P015099,CBK041506,299.5724182128906,284.51763916015625,1233.2784423828125,940.9561157226562,1835.164794921875,937.6602783203125,1238.2391357421875,856.8384399414062,723.170654296875,744.6862182617188
P015099,CBK041516,256.4960021972656,356.6559143066406,1080.06689453125,992.7401123046875,1518.0823974609375,887.2745361328125,1019.9019775390625,820.5105590820312,510.84844970703125,619.9641723632812
P015099,CBK041585,290.47100830078125,275.1121826171875,1088.3848876953125,872.1587524414062,1729.5509033203125,946.55322265625,1172.027099609375,860.2800903320312,668.4319458007812,709.8601684570312
P015099,CBK041678,297.11566162109375,281.84637451171875,1083.5269775390625,908.7612915039062,1763.6859130859375,929.3837890625,1180.2890625,835.137939453125,693.9204711914062,717.1898803710938
P015099,CBK041720,231.00100708007812,195.74813842773438,953.1248779296875,854.0594482421875,1160.030517578125,802.7589721679688,777.0316162109375,699.2718505859375,397.69512939453125,556.964111328125
P015099,CBK041761,245.72653198242188,231.71481323242188,1159.919677734375,972.72265625,1456.325927734375,906.1893920898438,1001.6834106445312,869.9202270507812,482.35186767578125,605.0537109375
P015099,CBK041770,219.8603515625,121.72128295898438,903.5054321289062,787.84716796875,1178.9150390625,654.9744262695312,816.12890625,796.192138671875,362.2519226074219,351.78070068359375
P015099,CBK042178,197.34197998046875,39.99430465698242,251.47454833984375,444.61175537109375,650.539306640625,173.28492736816406,446.2484436035156,119.6597671508789,214.72019958496094,113.79198455810547
P015099,CBK200593,221.5546417236328,125.90752410888672,924.8064575195312,961.2899780273438,1197.739990234375,895.6217041015625,921.0452880859375,1318.903564453125,390.7996826171875,488.03900146484375
P015099,CBK200898,233.63064575195312,205.3573760986328,989.8671264648438,995.183837890625,1441.05078125,1049.3824462890625,1007.065185546875,1070.553955078125,453.97698974609375,616.8829956054688
P015099,CBK200945,282.17535400390625,260.52508544921875,1152.671142578125,888.3178100585938,1608.337158203125,922.2258911132812,1071.511962890625,803.2984008789062,626.7947387695312,687.4083251953125
P015099,CBK201030,291.8725891113281,273.3394775390625,1053.521240234375,849.3533935546875,1630.3984375,884.1558227539062,1073.6163330078125,754.1936645507812,650.5365600585938,707.5408935546875
P015099,CBK201032,245.6438751220703,222.69598388671875,914.7642211914062,865.152099609375,1253.947021484375,759.0774536132812,843.996826171875,688.6475219726562,435.22607421875,538.5777587890625
P015099,CBK271643,298.1864013671875,282.7716979980469,1099.8533935546875,991.1929321289062,1644.6787109375,929.5980834960938,1127.782470703125,854.328125,678.6471557617188,773.7011108398438
P015099,CBK277909,195.1416778564453,34.73893737792969,538.122802734375,677.6985473632812,943.88134765625,420.68524169921875,703.5184936523438,341.5903625488281,304.9897155761719,264.0329895019531
P015099,CBK277937,220.23500061035156,163.76304626464844,959.3958129882812,896.177490234375,1170.38330078125,1023.9976196289062,836.3638916015625,1127.9012451171875,379.09259033203125,587.8878173828125
P015099,CBK277969,258.7257995605469,239.14376831054688,1154.1337890625,1172.7772216796875,1344.4111328125,783.4655151367188,909.958984375,714.6846313476562,460.07177734375,572.65625
P015099,CBK278004,201.4384002685547,72.35369110107422,776.8584594726562,627.8896484375,1051.551025390625,340.4088134765625,707.1749267578125,314.1448974609375,265.1654357910156,366.2323913574219
P015099,CBK278120,214.97206115722656,144.0159149169922,809.4664306640625,820.3629760742188,1188.61474609375,795.8529052734375,809.95947265625,699.2432250976562,353.4784851074219,539.9651489257812
P015099,CBK289760,270.9390869140625,247.54188537597656,1099.960205078125,870.3491821289062,1485.243896484375,795.9326782226562,996.8558349609375,710.9818115234375,570.92333984375,605.0595092773438
P015099,CBK289882,291.9446716308594,278.3536376953125,1129.774658203125,972.4700927734375,1722.6202392578125,951.7265625,1155.35498046875,853.3557739257812,660.1412963867188,769.91162109375
P015099,CBK290012,217.58944702148438,116.14217376708984,891.6517333984375,797.0579833984375,1111.822998046875,619.8209838867188,759.0335693359375,579.5594482421875,384.8313293457031,501.98760986328125
P015099,CBK290101,286.28314208984375,267.2500915527344,1120.794921875,952.4834594726562,1662.6129150390625,932.5152587890625,1141.296875,845.198486328125,691.4024658203125,757.2789916992188
P015099,CBK290217,298.7047119140625,295.12847900390625,1205.589111328125,987.1785278320312,1869.9525146484375,1091.2490234375,1292.968017578125,1022.6673583984375,684.9519653320312,915.9966430664062
P015099,CBK290251,225.94801330566406,130.490234375,902.9426879882812,675.0172729492188,1069.32666015625,498.4181213378906,704.5202026367188,411.4786071777344,348.4689636230469,352.7497863769531
P015099,CBK290287,306.40875244140625,297.89813232421875,1179.868408203125,982.364013671875,2047.5836181640625,1198.8419189453125,1560.029296875,1359.5469970703125,770.4259033203125,820.6011352539062
P015099,CBK290493,226.16046142578125,164.40084838867188,926.7186279296875,963.371826171875,1244.40234375,941.5022583007812,821.3281860351562,737.1111450195312,405.08544921875,667.066162109375
P015099,CBK290529,241.8739471435547,252.84547424316406,927.0252685546875,779.6842651367188,1380.956787109375,779.8139038085938,862.96875,554.2703247070312,433.2983703613281,459.2216796875
P015099,CBK290588,304.97503662109375,272.7720947265625,1047.6551513671875,908.6102905273438,1693.243896484375,946.629638671875,1160.5450439453125,870.5377197265625,629.2913818359375,697.9378051757812
P015099,CBK290683,233.73683166503906,141.8590087890625,932.3621215820312,728.5230102539062,1198.906982421875,588.9872436523438,796.8970947265625,509.9480285644531,383.64422607421875,406.2043151855469
P015099,CBK291076,296.8891906738281,279.0885314941406,1080.518310546875,888.904296875,1753.55224609375,984.4724731445312,1199.5594482421875,899.4240112304688,710.419677734375,738.6840209960938
P015099,CBK303985,281.1267395019531,256.95367431640625,639.3450317382812,835.1949462890625,1486.3101806640625,824.9480590820312,1001.526123046875,730.7520751953125,640.3809204101562,658.9569702148438
P015099,CBK307747,218.07533264160156,147.82711791992188,852.7968139648438,783.034423828125,1132.224853515625,824.8560180664062,746.7619018554688,656.66845703125,341.3174133300781,504.42431640625
P015099,CBK307798,298.8627624511719,276.41888427734375,1210.303955078125,979.1722412109375,1799.0445556640625,1008.5470581054688,1400.2733154296875,1324.6629638671875,754.9515991210938,788.8798828125
P015099,CBK307816,220.39674377441406,142.90037536621094,805.5076293945312,732.2283325195312,1088.09765625,579.9625854492188,723.537353515625,504.27105712890625,372.2410888671875,451.2064514160156
P015099,CBK307964,219.02792358398438,141.18316650390625,748.8985595703125,736.5760498046875,1051.448974609375,723.4891357421875,707.1190795898438,608.1686401367188,337.9256896972656,491.1263427734375
P015099,CBK308090,314.0519104003906,302.436279296875,1151.12548828125,935.1002807617188,1735.8037109375,929.6805419921875,1180.127685546875,853.0184936523438,736.213134765625,796.8631591796875
P015099,CBK308097,326.1366271972656,285.04229736328125,1213.9703369140625,963.1217041015625,1698.233642578125,909.0595092773438,1144.5164794921875,821.890869140625,698.3074951171875,753.6666870117188
P015099,CBK308173,290.9008483886719,266.86798095703125,1112.922607421875,865.110595703125,1620.8690185546875,905.0238647460938,1088.758544921875,790.73681640625,676.57861328125,715.302734375
P015099,CBK308276,294.6264343261719,297.9873352050781,1223.2391357421875,965.0348510742188,1784.6080322265625,1217.35009765625,1309.067138671875,1211.7447509765625,697.2450561523438,952.5646362304688
P015099,CBK308359,215.77882385253906,144.86410522460938,882.176025390625,817.2686157226562,1130.537109375,795.9075927734375,747.740478515625,636.72265625,354.1731872558594,503.37261962890625
P015099,CBK308484,222.9756622314453,129.7255096435547,843.2886962890625,728.9212036132812,1115.7711181640625,518.3114624023438,726.6218872070312,414.97900390625,353.5220031738281,391.3191833496094
P015099,CBK308613,264.8458557128906,227.6201934814453,1121.9635009765625,988.1573486328125,1766.8197021484375,980.2769775390625,1165.4959716796875,888.5972900390625,729.5362548828125,828.0525512695312
P015099,CBK308631,307.185302734375,306.4788818359375,1300.28271484375,1115.44189453125,1746.234375,973.0849609375,1291.9716796875,1131.4337158203125,728.0062866210938,763.6974487304688
P015099,CBK308819,207.54364013671875,118.79810333251953,460.02935791015625,598.9398193359375,994.1568603515625,411.0329284667969,661.0403442382812,323.1459045410156,263.7353210449219,257.1905822753906
P015099,CBK308876,304.3202819824219,295.2491760253906,1134.17431640625,1049.0181884765625,1717.9127197265625,965.7739868164062,1168.130859375,901.7631225585938,710.2962036132812,798.9439697265625
P015099,CBK308880,214.57308959960938,101.29026794433594,834.0231323242188,728.8466186523438,1075.61767578125,557.2400512695312,736.7032470703125,534.1351928710938,352.0381774902344,457.9092712402344
P015099,CBK308966,215.508056640625,137.668701171875,771.1757202148438,930.5006103515625,1200.98681640625,854.25537109375,809.3138427734375,735.127685546875,351.6261901855469,617.498779296875
P015099,CBK309016,217.52537536621094,148.803466796875,832.2576293945312,806.3275756835938,1033.146728515625,749.8666381835938,689.6001586914062,613.8616333007812,335.3518371582031,472.198486328125
P015099,CBK309020,197.6652374267578,64.81050109863281,835.8236083984375,526.7908935546875,957.084716796875,303.41259765625,644.9158935546875,263.4068298339844,239.2480010986328,229.2896728515625
P015099,CBK309021,200.35037231445312,143.61080932617188,574.6837768554688,635.057373046875,1026.9259033203125,517.70703125,672.8436889648438,374.8087158203125,302.9598388671875,332.7565002441406
P015099,CBK309040,242.55580139160156,181.1862335205078,1015.6226196289062,877.0623779296875,1557.9376220703125,812.0517578125,993.10791015625,672.7699584960938,566.2564086914062,612.081787109375
P015099,CBK309049,304.1080017089844,295.093505859375,1195.8546142578125,973.5797119140625,1806.1099853515625,943.7217407226562,1231.0325927734375,881.5426635742188,714.2988891601562,779.374267578125
P015099,CBK309084,293.84796142578125,277.3558349609375,1123.6688232421875,864.5672607421875,1604.5235595703125,890.6773681640625,1084.826904296875,797.4650268554688,673.3612060546875,712.71142578125
P015099,CBK309265,200.91143798828125,55.47169494628906,661.3619995117188,631.7850952148438,940.8775634765625,361.1997985839844,634.7843627929688,306.85089111328125,261.3096008300781,241.4329071044922
P015099,CBK309391,216.01870727539062,140.6076202392578,769.5260009765625,780.2845458984375,1046.3636474609375,719.6154174804688,702.45166015625,603.6676635742188,325.8876647949219,444.44952392578125
P015099,CBK309437,213.4615936279297,142.83998107910156,1034.1180419921875,815.0209350585938,1329.901123046875,949.74267578125,883.1525268554688,797.7800903320312,356.6579284667969,600.1918334960938
P015099,CBK309466,295.8512268066406,284.5084533691406,1161.3233642578125,883.6235961914062,1579.484619140625,856.2692260742188,1058.6812744140625,762.0657348632812,650.5724487304688,742.3704223632812
P015099,CBK309538,297.23980712890625,280.2230529785156,1047.3125,915.6424560546875,1736.0997314453125,987.8807373046875,1169.54052734375,874.3945922851562,686.4270629882812,724.5982666015625
P015099,CBK309601,241.9246063232422,191.28355407714844,1055.300048828125,981.3834838867188,1275.3631591796875,701.4979248046875,867.4637451171875,625.7461547851562,425.97711181640625,455.5999755859375
P015099,CBK309639,292.7646179199219,272.90576171875,1071.016845703125,830.0521240234375,1634.5257568359375,899.60009765625,1105.330322265625,806.3817138671875,661.216064453125,695.6234130859375
P015099,CBK309655,228.64486694335938,161.55909729003906,771.4324951171875,938.3983764648438,1220.2528076171875,715.20654296875,911.431396484375,743.400390625,401.67822265625,356.7015686035156
P015099,dmso,297.9673767089844,275.8689880371094,1138.0631103515625,855.394287109375,1898.17578125,1030.4998779296875,1341.185546875,1071.6248779296875,707.9735717773438,745.5875854492188
